ID,Name,Risk Elements,Tags,CreationDate,TP Score (%),APT Profile,Kill Chain Phase,Affected Compliance,Status
1,Threat1,10.10.10.10,no tag,05/31/2018 09:43:05,81,APT1-70%,Exploitation,"PCI, GDPR",Open
2,Threat2,10.10.10.11,tag1,06/19/2019 00:55:33,85,APT1-50%,Reconnaissance,"NIST, GDPR",In Progress
3,Threat3,10.10.10.13,tag2,07/26/2013 19:27:45,92,APT15-70%,Lateral Movement,"ISO 27001, TSC",In Progress
4,Threat4,10.10.10.12,tag1,02/09/2018 04:17,89,APT50-80%,Obfuscation / Anti-forensics,"GPG, GDPR",Closed
5,Threat5,10.10.10.15,tag0,02/14/2019 17:24:24,96,APT10-20%,Exploitation,"GPG, ISO 27001",Open
6,Threat1,10.10.10.10,no tag,02/06/2013 04:06,81,APT1-70%,Exploitation,"PCI, GDPR",Open
7,Threat2,10.10.10.11,tag1,11/07/2014 02:47,85,APT1-50%,Reconnaissance,"NIST, GDPR",In Progress
8,Threat3,10.10.10.13,tag2,05/05/2018 13:59,92,APT15-70%,Lateral Movement,"ISO 27001, TSC",In Progress
9,Threat4,10.10.10.12,tag1,07/01/2013 00:29,89,APT50-80%,Obfuscation / Anti-forensics,"GPG, GDPR",Closed
10,Threat5,10.10.10.15,tag0,04/03/2016 03:35,96,APT10-20%,Exploitation,"GPG, ISO 27001",Open
11,Threat1,10.10.10.10,no tag,06/08/2013 11:42,81,APT1-70%,Exploitation,"PCI, GDPR",Open
12,Threat2,10.10.10.11,tag1,10/09/2012 22:13,85,APT1-50%,Reconnaissance,"NIST, GDPR",In Progress
13,Threat3,10.10.10.13,tag2,04/09/2014 11:10,92,APT15-70%,Lateral Movement,"ISO 27001, TSC",In Progress
14,Threat4,10.10.10.12,tag1,09/10/2014 23:02,89,APT50-80%,Obfuscation / Anti-forensics,"GPG, GDPR",Closed
15,Threat5,10.10.10.15,tag0,06/09/2018 06:33,96,APT10-20%,Exploitation,"GPG, ISO 27001",Open
16,Threat1,10.10.10.10,no tag,01/12/2015 07:09,81,APT1-70%,Exploitation,"PCI, GDPR",Open
17,Threat2,10.10.10.11,tag1,01/26/2016 08:53:36,85,APT1-50%,Reconnaissance,"NIST, GDPR",In Progress
18,Threat3,10.10.10.13,tag2,04/05/2019 05:20,92,APT15-70%,Lateral Movement,"ISO 27001, TSC",In Progress
19,Threat4,10.10.10.12,tag1,12/23/2012 10:02:48,89,APT50-80%,Obfuscation / Anti-forensics,"GPG, GDPR",Closed
20,Threat5,10.10.10.15,tag0,06/15/2015 03:16:15,96,APT10-20%,Exploitation,"GPG, ISO 27001",Open
21,Threat1,10.10.10.10,no tag,05/19/2019 20:55:06,81,APT1-70%,Exploitation,"PCI, GDPR",Open
22,Threat2,10.10.10.11,tag1,07/20/2018 02:27:01,85,APT1-50%,Reconnaissance,"NIST, GDPR",In Progress
23,Threat3,10.10.10.13,tag2,11/08/2015 20:39,92,APT15-70%,Lateral Movement,"ISO 27001, TSC",In Progress
24,Threat4,10.10.10.12,tag1,07/21/2013 19:08:17,89,APT50-80%,Obfuscation / Anti-forensics,"GPG, GDPR",Closed
25,Threat5,10.10.10.15,tag0,02/04/2015 12:26,96,APT10-20%,Exploitation,"GPG, ISO 27001",Open
26,Threat1,10.10.10.10,no tag,06/18/2016 13:54:55,81,APT1-70%,Exploitation,"PCI, GDPR",Open
27,Threat2,10.10.10.11,tag1,03/17/2020 02:37:31,85,APT1-50%,Reconnaissance,"NIST, GDPR",In Progress
28,Threat3,10.10.10.13,tag2,12/06/2019 10:02,92,APT15-70%,Lateral Movement,"ISO 27001, TSC",In Progress
29,Threat4,10.10.10.12,tag1,11/16/2014 15:57:17,89,APT50-80%,Obfuscation / Anti-forensics,"GPG, GDPR",Closed
30,Threat5,10.10.10.15,tag0,07/08/2020 15:27,96,APT10-20%,Exploitation,"GPG, ISO 27001",Open
31,Threat1,10.10.10.10,no tag,09/07/2018 05:39,81,APT1-70%,Exploitation,"PCI, GDPR",Open
32,Threat2,10.10.10.11,tag1,01/07/2016 13:43,85,APT1-50%,Reconnaissance,"NIST, GDPR",In Progress
33,Threat3,10.10.10.13,tag2,12/05/2017 04:44,92,APT15-70%,Lateral Movement,"ISO 27001, TSC",In Progress
34,Threat4,10.10.10.12,tag1,09/17/2017 05:48:57,89,APT50-80%,Obfuscation / Anti-forensics,"GPG, GDPR",Closed
35,Threat5,10.10.10.15,tag0,12/08/2017 19:23,96,APT10-20%,Exploitation,"GPG, ISO 27001",Open
36,Threat1,10.10.10.10,no tag,11/19/2012 04:39:51,81,APT1-70%,Exploitation,"PCI, GDPR",Open
37,Threat2,10.10.10.11,tag1,07/23/2019 10:26:02,85,APT1-50%,Reconnaissance,"NIST, GDPR",In Progress
38,Threat3,10.10.10.13,tag2,09/24/2019 01:38:03,92,APT15-70%,Lateral Movement,"ISO 27001, TSC",In Progress
39,Threat4,10.10.10.12,tag1,05/01/2016 01:19,89,APT50-80%,Obfuscation / Anti-forensics,"GPG, GDPR",Closed
40,Threat5,10.10.10.15,tag0,05/10/2020 10:24,96,APT10-20%,Exploitation,"GPG, ISO 27001",Open
41,Threat1,10.10.10.10,no tag,05/07/2014 06:00,81,APT1-70%,Exploitation,"PCI, GDPR",Open
42,Threat2,10.10.10.11,tag1,05/23/2013 14:45:23,85,APT1-50%,Reconnaissance,"NIST, GDPR",In Progress
43,Threat3,10.10.10.13,tag2,03/07/2012 13:32,92,APT15-70%,Lateral Movement,"ISO 27001, TSC",In Progress
44,Threat4,10.10.10.12,tag1,07/29/2019 21:19:13,89,APT50-80%,Obfuscation / Anti-forensics,"GPG, GDPR",Closed
45,Threat5,10.10.10.15,tag0,11/29/2018 01:37:53,96,APT10-20%,Exploitation,"GPG, ISO 27001",Open
46,Threat1,10.10.10.10,no tag,09/02/2014 08:36,81,APT1-70%,Exploitation,"PCI, GDPR",Open
47,Threat2,10.10.10.11,tag1,01/14/2019 14:06:34,85,APT1-50%,Reconnaissance,"NIST, GDPR",In Progress
48,Threat3,10.10.10.13,tag2,09/08/2014 06:22,92,APT15-70%,Lateral Movement,"ISO 27001, TSC",In Progress
49,Threat4,10.10.10.12,tag1,05/04/2016 04:31,89,APT50-80%,Obfuscation / Anti-forensics,"GPG, GDPR",Closed
50,Threat5,10.10.10.15,tag0,08/30/2013 17:29:56,96,APT10-20%,Exploitation,"GPG, ISO 27001",Open
51,Threat1,10.10.10.10,no tag,01/31/2018 04:37:57,81,APT1-70%,Exploitation,"PCI, GDPR",Open
52,Threat2,10.10.10.11,tag1,11/02/2018 01:51,85,APT1-50%,Reconnaissance,"NIST, GDPR",In Progress
53,Threat3,10.10.10.13,tag2,09/20/2014 12:45:43,92,APT15-70%,Lateral Movement,"ISO 27001, TSC",In Progress
54,Threat4,10.10.10.12,tag1,07/18/2013 02:13:52,89,APT50-80%,Obfuscation / Anti-forensics,"GPG, GDPR",Closed
55,Threat5,10.10.10.15,tag0,05/17/2015 19:13:45,96,APT10-20%,Exploitation,"GPG, ISO 27001",Open
56,Threat1,10.10.10.10,no tag,09/26/2013 14:22:59,81,APT1-70%,Exploitation,"PCI, GDPR",Open
57,Threat2,10.10.10.11,tag1,08/27/2014 02:29:33,85,APT1-50%,Reconnaissance,"NIST, GDPR",In Progress
58,Threat3,10.10.10.13,tag2,04/14/2017 12:24:10,92,APT15-70%,Lateral Movement,"ISO 27001, TSC",In Progress
59,Threat4,10.10.10.12,tag1,04/04/2019 03:22,89,APT50-80%,Obfuscation / Anti-forensics,"GPG, GDPR",Closed
60,Threat5,10.10.10.15,tag0,10/16/2016 10:29:58,96,APT10-20%,Exploitation,"GPG, ISO 27001",Open
61,Threat1,10.10.10.10,no tag,03/18/2016 20:48:47,81,APT1-70%,Exploitation,"PCI, GDPR",Open
62,Threat2,10.10.10.11,tag1,07/08/2012 08:16,85,APT1-50%,Reconnaissance,"NIST, GDPR",In Progress
63,Threat3,10.10.10.13,tag2,12/10/2018 22:45,92,APT15-70%,Lateral Movement,"ISO 27001, TSC",In Progress
64,Threat4,10.10.10.12,tag1,06/14/2019 06:26:30,89,APT50-80%,Obfuscation / Anti-forensics,"GPG, GDPR",Closed
65,Threat5,10.10.10.15,tag0,03/23/2020 21:39:02,96,APT10-20%,Exploitation,"GPG, ISO 27001",Open
66,Threat1,10.10.10.10,no tag,12/26/2013 04:26:14,81,APT1-70%,Exploitation,"PCI, GDPR",Open
67,Threat2,10.10.10.11,tag1,08/27/2019 09:49:33,85,APT1-50%,Reconnaissance,"NIST, GDPR",In Progress
68,Threat3,10.10.10.13,tag2,08/09/2020 03:44,92,APT15-70%,Lateral Movement,"ISO 27001, TSC",In Progress
69,Threat4,10.10.10.12,tag1,09/10/2013 19:46,89,APT50-80%,Obfuscation / Anti-forensics,"GPG, GDPR",Closed
70,Threat5,10.10.10.15,tag0,12/29/2014 04:04:41,96,APT10-20%,Exploitation,"GPG, ISO 27001",Open
71,Threat1,10.10.10.10,no tag,12/04/2012 20:45,81,APT1-70%,Exploitation,"PCI, GDPR",Open
72,Threat2,10.10.10.11,tag1,07/11/2012 23:56,85,APT1-50%,Reconnaissance,"NIST, GDPR",In Progress
73,Threat3,10.10.10.13,tag2,09/09/2014 15:04,92,APT15-70%,Lateral Movement,"ISO 27001, TSC",In Progress
74,Threat4,10.10.10.12,tag1,05/15/2019 17:45:49,89,APT50-80%,Obfuscation / Anti-forensics,"GPG, GDPR",Closed
75,Threat5,10.10.10.15,tag0,06/07/2012 10:43,96,APT10-20%,Exploitation,"GPG, ISO 27001",Open
76,Threat1,10.10.10.10,no tag,03/25/2018 18:00:52,81,APT1-70%,Exploitation,"PCI, GDPR",Open
77,Threat2,10.10.10.11,tag1,08/16/2017 13:07:35,85,APT1-50%,Reconnaissance,"NIST, GDPR",In Progress
78,Threat3,10.10.10.13,tag2,07/14/2012 14:22:44,92,APT15-70%,Lateral Movement,"ISO 27001, TSC",In Progress
79,Threat4,10.10.10.12,tag1,10/26/2014 14:58:35,89,APT50-80%,Obfuscation / Anti-forensics,"GPG, GDPR",Closed
80,Threat5,10.10.10.15,tag0,10/31/2019 20:11:05,96,APT10-20%,Exploitation,"GPG, ISO 27001",Open
81,Threat1,10.10.10.10,no tag,07/10/2012 02:56,81,APT1-70%,Exploitation,"PCI, GDPR",Open
82,Threat2,10.10.10.11,tag1,01/19/2012 05:37:07,85,APT1-50%,Reconnaissance,"NIST, GDPR",In Progress
83,Threat3,10.10.10.13,tag2,01/18/2015 13:03:11,92,APT15-70%,Lateral Movement,"ISO 27001, TSC",In Progress
84,Threat4,10.10.10.12,tag1,08/30/2013 00:50:31,89,APT50-80%,Obfuscation / Anti-forensics,"GPG, GDPR",Closed
85,Threat5,10.10.10.15,tag0,03/11/2012 18:19,96,APT10-20%,Exploitation,"GPG, ISO 27001",Open
86,Threat1,10.10.10.10,no tag,09/09/2012 12:13,81,APT1-70%,Exploitation,"PCI, GDPR",Open
87,Threat2,10.10.10.11,tag1,12/16/2014 12:58:32,85,APT1-50%,Reconnaissance,"NIST, GDPR",In Progress
88,Threat3,10.10.10.13,tag2,12/08/2013 07:41,92,APT15-70%,Lateral Movement,"ISO 27001, TSC",In Progress
89,Threat4,10.10.10.12,tag1,07/06/2016 21:09,89,APT50-80%,Obfuscation / Anti-forensics,"GPG, GDPR",Closed
90,Threat5,10.10.10.15,tag0,03/11/2019 21:16,96,APT10-20%,Exploitation,"GPG, ISO 27001",Open
91,Threat1,10.10.10.10,no tag,05/01/2018 21:02,81,APT1-70%,Exploitation,"PCI, GDPR",Open
92,Threat2,10.10.10.11,tag1,11/17/2012 01:33:03,85,APT1-50%,Reconnaissance,"NIST, GDPR",In Progress
93,Threat3,10.10.10.13,tag2,02/20/2015 08:52:54,92,APT15-70%,Lateral Movement,"ISO 27001, TSC",In Progress
94,Threat4,10.10.10.12,tag1,01/14/2018 15:42:43,89,APT50-80%,Obfuscation / Anti-forensics,"GPG, GDPR",Closed
95,Threat5,10.10.10.15,tag0,02/08/2017 07:14,96,APT10-20%,Exploitation,"GPG, ISO 27001",Open
96,Threat1,10.10.10.10,no tag,12/20/2019 23:05:47,81,APT1-70%,Exploitation,"PCI, GDPR",Open
97,Threat2,10.10.10.11,tag1,02/07/2012 07:29,85,APT1-50%,Reconnaissance,"NIST, GDPR",In Progress
98,Threat3,10.10.10.13,tag2,05/22/2013 14:03:22,92,APT15-70%,Lateral Movement,"ISO 27001, TSC",In Progress
99,Threat4,10.10.10.12,tag1,05/12/2019 15:49,89,APT50-80%,Obfuscation / Anti-forensics,"GPG, GDPR",Closed
100,Threat5,10.10.10.15,tag0,11/03/2018 10:43,96,APT10-20%,Exploitation,"GPG, ISO 27001",Open
101,Threat1,10.10.10.10,no tag,12/18/2017 20:16:24,81,APT1-70%,Exploitation,"PCI, GDPR",Open
102,Threat2,10.10.10.11,tag1,10/20/2016 00:54:13,85,APT1-50%,Reconnaissance,"NIST, GDPR",In Progress
103,Threat3,10.10.10.13,tag2,09/11/2019 23:45,92,APT15-70%,Lateral Movement,"ISO 27001, TSC",In Progress
104,Threat4,10.10.10.12,tag1,03/16/2018 06:54:49,89,APT50-80%,Obfuscation / Anti-forensics,"GPG, GDPR",Closed
105,Threat5,10.10.10.15,tag0,04/24/2019 21:06:31,96,APT10-20%,Exploitation,"GPG, ISO 27001",Open
106,Threat1,10.10.10.10,no tag,11/27/2018 22:45:03,81,APT1-70%,Exploitation,"PCI, GDPR",Open
107,Threat2,10.10.10.11,tag1,07/13/2019 22:27:58,85,APT1-50%,Reconnaissance,"NIST, GDPR",In Progress
108,Threat3,10.10.10.13,tag2,06/14/2016 05:00:28,92,APT15-70%,Lateral Movement,"ISO 27001, TSC",In Progress
109,Threat4,10.10.10.12,tag1,11/17/2013 02:53:15,89,APT50-80%,Obfuscation / Anti-forensics,"GPG, GDPR",Closed
110,Threat5,10.10.10.15,tag0,03/14/2012 19:29:54,96,APT10-20%,Exploitation,"GPG, ISO 27001",Open
111,Threat1,10.10.10.10,no tag,04/13/2013 11:38:56,81,APT1-70%,Exploitation,"PCI, GDPR",Open
112,Threat2,10.10.10.11,tag1,09/09/2013 22:35,85,APT1-50%,Reconnaissance,"NIST, GDPR",In Progress
113,Threat3,10.10.10.13,tag2,05/31/2013 14:14:23,92,APT15-70%,Lateral Movement,"ISO 27001, TSC",In Progress
114,Threat4,10.10.10.12,tag1,01/30/2017 17:58:35,89,APT50-80%,Obfuscation / Anti-forensics,"GPG, GDPR",Closed
115,Threat5,10.10.10.15,tag0,04/18/2018 19:54:56,96,APT10-20%,Exploitation,"GPG, ISO 27001",Open
116,Threat1,10.10.10.10,no tag,02/19/2015 10:10:49,81,APT1-70%,Exploitation,"PCI, GDPR",Open
117,Threat2,10.10.10.11,tag1,04/13/2012 08:45:35,85,APT1-50%,Reconnaissance,"NIST, GDPR",In Progress
118,Threat3,10.10.10.13,tag2,06/13/2013 00:01:20,92,APT15-70%,Lateral Movement,"ISO 27001, TSC",In Progress
119,Threat4,10.10.10.12,tag1,09/02/2018 22:11,89,APT50-80%,Obfuscation / Anti-forensics,"GPG, GDPR",Closed
120,Threat5,10.10.10.15,tag0,09/26/2012 12:13:37,96,APT10-20%,Exploitation,"GPG, ISO 27001",Open
121,Threat1,10.10.10.10,no tag,07/21/2019 07:49:03,81,APT1-70%,Exploitation,"PCI, GDPR",Open
122,Threat2,10.10.10.11,tag1,01/20/2013 12:52:42,85,APT1-50%,Reconnaissance,"NIST, GDPR",In Progress
123,Threat3,10.10.10.13,tag2,07/12/2016 03:54,92,APT15-70%,Lateral Movement,"ISO 27001, TSC",In Progress
124,Threat4,10.10.10.12,tag1,05/12/2018 01:03,89,APT50-80%,Obfuscation / Anti-forensics,"GPG, GDPR",Closed
125,Threat5,10.10.10.15,tag0,08/29/2016 22:05:35,96,APT10-20%,Exploitation,"GPG, ISO 27001",Open
126,Threat1,10.10.10.10,no tag,05/15/2012 19:45:06,81,APT1-70%,Exploitation,"PCI, GDPR",Open
127,Threat2,10.10.10.11,tag1,12/11/2015 00:24,85,APT1-50%,Reconnaissance,"NIST, GDPR",In Progress
128,Threat3,10.10.10.13,tag2,06/30/2020 14:32:21,92,APT15-70%,Lateral Movement,"ISO 27001, TSC",In Progress
129,Threat4,10.10.10.12,tag1,09/21/2016 09:21:18,89,APT50-80%,Obfuscation / Anti-forensics,"GPG, GDPR",Closed
130,Threat5,10.10.10.15,tag0,07/17/2015 11:36:26,96,APT10-20%,Exploitation,"GPG, ISO 27001",Open
131,Threat1,10.10.10.10,no tag,03/14/2015 14:20:45,81,APT1-70%,Exploitation,"PCI, GDPR",Open
132,Threat2,10.10.10.11,tag1,10/30/2013 12:26:22,85,APT1-50%,Reconnaissance,"NIST, GDPR",In Progress
133,Threat3,10.10.10.13,tag2,01/02/2017 12:25,92,APT15-70%,Lateral Movement,"ISO 27001, TSC",In Progress
134,Threat4,10.10.10.12,tag1,03/26/2016 10:16:19,89,APT50-80%,Obfuscation / Anti-forensics,"GPG, GDPR",Closed
135,Threat5,10.10.10.15,tag0,02/14/2015 06:37:04,96,APT10-20%,Exploitation,"GPG, ISO 27001",Open
136,Threat1,10.10.10.10,no tag,11/17/2016 14:36:07,81,APT1-70%,Exploitation,"PCI, GDPR",Open
137,Threat2,10.10.10.11,tag1,07/21/2018 11:25:12,85,APT1-50%,Reconnaissance,"NIST, GDPR",In Progress
138,Threat3,10.10.10.13,tag2,04/08/2012 18:31,92,APT15-70%,Lateral Movement,"ISO 27001, TSC",In Progress
139,Threat4,10.10.10.12,tag1,03/02/2015 10:14,89,APT50-80%,Obfuscation / Anti-forensics,"GPG, GDPR",Closed
140,Threat5,10.10.10.15,tag0,12/24/2013 14:48:24,96,APT10-20%,Exploitation,"GPG, ISO 27001",Open
141,Threat1,10.10.10.10,no tag,08/16/2016 23:18:20,81,APT1-70%,Exploitation,"PCI, GDPR",Open
142,Threat2,10.10.10.11,tag1,10/11/2014 03:16,85,APT1-50%,Reconnaissance,"NIST, GDPR",In Progress
143,Threat3,10.10.10.13,tag2,10/26/2016 01:09:33,92,APT15-70%,Lateral Movement,"ISO 27001, TSC",In Progress
144,Threat4,10.10.10.12,tag1,05/30/2012 12:04:32,89,APT50-80%,Obfuscation / Anti-forensics,"GPG, GDPR",Closed
145,Threat5,10.10.10.15,tag0,06/27/2015 09:36:25,96,APT10-20%,Exploitation,"GPG, ISO 27001",Open
146,Threat1,10.10.10.10,no tag,05/01/2014 12:13,81,APT1-70%,Exploitation,"PCI, GDPR",Open
147,Threat2,10.10.10.11,tag1,05/29/2016 18:54:29,85,APT1-50%,Reconnaissance,"NIST, GDPR",In Progress
148,Threat3,10.10.10.13,tag2,10/28/2018 21:53:04,92,APT15-70%,Lateral Movement,"ISO 27001, TSC",In Progress
149,Threat4,10.10.10.12,tag1,08/08/2015 22:25,89,APT50-80%,Obfuscation / Anti-forensics,"GPG, GDPR",Closed
150,Threat5,10.10.10.15,tag0,08/29/2016 01:22:54,96,APT10-20%,Exploitation,"GPG, ISO 27001",Open
151,Threat1,10.10.10.10,no tag,08/05/2018 18:06,81,APT1-70%,Exploitation,"PCI, GDPR",Open
152,Threat2,10.10.10.11,tag1,03/04/2016 21:59,85,APT1-50%,Reconnaissance,"NIST, GDPR",In Progress
153,Threat3,10.10.10.13,tag2,01/12/2012 00:43,92,APT15-70%,Lateral Movement,"ISO 27001, TSC",In Progress
154,Threat4,10.10.10.12,tag1,05/30/2019 21:40:45,89,APT50-80%,Obfuscation / Anti-forensics,"GPG, GDPR",Closed
155,Threat5,10.10.10.15,tag0,12/02/2015 22:12,96,APT10-20%,Exploitation,"GPG, ISO 27001",Open
156,Threat1,10.10.10.10,no tag,02/05/2018 14:04,81,APT1-70%,Exploitation,"PCI, GDPR",Open
157,Threat2,10.10.10.11,tag1,03/08/2019 04:36,85,APT1-50%,Reconnaissance,"NIST, GDPR",In Progress
158,Threat3,10.10.10.13,tag2,08/23/2017 22:43:37,92,APT15-70%,Lateral Movement,"ISO 27001, TSC",In Progress
159,Threat4,10.10.10.12,tag1,05/07/2012 04:12,89,APT50-80%,Obfuscation / Anti-forensics,"GPG, GDPR",Closed
160,Threat5,10.10.10.15,tag0,08/09/2016 17:20,96,APT10-20%,Exploitation,"GPG, ISO 27001",Open
161,Threat1,10.10.10.10,no tag,01/11/2017 18:37,81,APT1-70%,Exploitation,"PCI, GDPR",Open
162,Threat2,10.10.10.11,tag1,03/09/2014 18:31,85,APT1-50%,Reconnaissance,"NIST, GDPR",In Progress
163,Threat3,10.10.10.13,tag2,02/19/2013 18:31:11,92,APT15-70%,Lateral Movement,"ISO 27001, TSC",In Progress
164,Threat4,10.10.10.12,tag1,11/29/2013 07:09:26,89,APT50-80%,Obfuscation / Anti-forensics,"GPG, GDPR",Closed
165,Threat5,10.10.10.15,tag0,01/12/2013 22:23,96,APT10-20%,Exploitation,"GPG, ISO 27001",Open
166,Threat1,10.10.10.10,no tag,03/15/2014 14:41:20,81,APT1-70%,Exploitation,"PCI, GDPR",Open
167,Threat2,10.10.10.11,tag1,03/08/2019 15:32,85,APT1-50%,Reconnaissance,"NIST, GDPR",In Progress
168,Threat3,10.10.10.13,tag2,02/13/2015 13:04:47,92,APT15-70%,Lateral Movement,"ISO 27001, TSC",In Progress
169,Threat4,10.10.10.12,tag1,10/27/2013 14:37:43,89,APT50-80%,Obfuscation / Anti-forensics,"GPG, GDPR",Closed
170,Threat5,10.10.10.15,tag0,07/28/2020 17:34:21,96,APT10-20%,Exploitation,"GPG, ISO 27001",Open
171,Threat1,10.10.10.10,no tag,10/17/2017 04:16:26,81,APT1-70%,Exploitation,"PCI, GDPR",Open
172,Threat2,10.10.10.11,tag1,02/24/2015 05:59:32,85,APT1-50%,Reconnaissance,"NIST, GDPR",In Progress
173,Threat3,10.10.10.13,tag2,06/30/2020 08:49:35,92,APT15-70%,Lateral Movement,"ISO 27001, TSC",In Progress
174,Threat4,10.10.10.12,tag1,04/23/2014 19:27:44,89,APT50-80%,Obfuscation / Anti-forensics,"GPG, GDPR",Closed
175,Threat5,10.10.10.15,tag0,06/27/2014 01:59:44,96,APT10-20%,Exploitation,"GPG, ISO 27001",Open
176,Threat1,10.10.10.10,no tag,03/28/2015 12:54:06,81,APT1-70%,Exploitation,"PCI, GDPR",Open
177,Threat2,10.10.10.11,tag1,10/08/2018 17:51,85,APT1-50%,Reconnaissance,"NIST, GDPR",In Progress
178,Threat3,10.10.10.13,tag2,07/04/2017 04:01,92,APT15-70%,Lateral Movement,"ISO 27001, TSC",In Progress
179,Threat4,10.10.10.12,tag1,01/01/2015 02:50,89,APT50-80%,Obfuscation / Anti-forensics,"GPG, GDPR",Closed
180,Threat5,10.10.10.15,tag0,08/15/2014 12:17:10,96,APT10-20%,Exploitation,"GPG, ISO 27001",Open
181,Threat1,10.10.10.10,no tag,04/23/2019 06:00:10,81,APT1-70%,Exploitation,"PCI, GDPR",Open
182,Threat2,10.10.10.11,tag1,09/11/2019 10:59,85,APT1-50%,Reconnaissance,"NIST, GDPR",In Progress
183,Threat3,10.10.10.13,tag2,06/08/2020 10:34,92,APT15-70%,Lateral Movement,"ISO 27001, TSC",In Progress
184,Threat4,10.10.10.12,tag1,01/05/2014 19:55,89,APT50-80%,Obfuscation / Anti-forensics,"GPG, GDPR",Closed
185,Threat5,10.10.10.15,tag0,04/27/2015 00:52:29,96,APT10-20%,Exploitation,"GPG, ISO 27001",Open
186,Threat1,10.10.10.10,no tag,12/15/2012 01:42:59,81,APT1-70%,Exploitation,"PCI, GDPR",Open
187,Threat2,10.10.10.11,tag1,10/02/2019 07:40,85,APT1-50%,Reconnaissance,"NIST, GDPR",In Progress
188,Threat3,10.10.10.13,tag2,04/19/2014 05:56:44,92,APT15-70%,Lateral Movement,"ISO 27001, TSC",In Progress
189,Threat4,10.10.10.12,tag1,04/13/2016 01:44:26,89,APT50-80%,Obfuscation / Anti-forensics,"GPG, GDPR",Closed
190,Threat5,10.10.10.15,tag0,07/10/2012 08:48,96,APT10-20%,Exploitation,"GPG, ISO 27001",Open
191,Threat1,10.10.10.10,no tag,01/27/2015 07:55:29,81,APT1-70%,Exploitation,"PCI, GDPR",Open
192,Threat2,10.10.10.11,tag1,09/30/2019 01:31:18,85,APT1-50%,Reconnaissance,"NIST, GDPR",In Progress
193,Threat3,10.10.10.13,tag2,06/22/2017 04:39:36,92,APT15-70%,Lateral Movement,"ISO 27001, TSC",In Progress
194,Threat4,10.10.10.12,tag1,10/08/2013 12:55,89,APT50-80%,Obfuscation / Anti-forensics,"GPG, GDPR",Closed
195,Threat5,10.10.10.15,tag0,04/30/2016 00:39:01,96,APT10-20%,Exploitation,"GPG, ISO 27001",Open
196,Threat1,10.10.10.10,no tag,12/29/2017 10:10:10,81,APT1-70%,Exploitation,"PCI, GDPR",Open
197,Threat2,10.10.10.11,tag1,01/17/2014 17:16:29,85,APT1-50%,Reconnaissance,"NIST, GDPR",In Progress
198,Threat3,10.10.10.13,tag2,08/27/2015 05:13:25,92,APT15-70%,Lateral Movement,"ISO 27001, TSC",In Progress
199,Threat4,10.10.10.12,tag1,06/06/2012 23:50,89,APT50-80%,Obfuscation / Anti-forensics,"GPG, GDPR",Closed
200,Threat5,10.10.10.15,tag0,06/24/2016 18:03:51,96,APT10-20%,Exploitation,"GPG, ISO 27001",Open
201,Threat1,10.10.10.10,no tag,09/08/2012 00:21,81,APT1-70%,Exploitation,"PCI, GDPR",Open
202,Threat2,10.10.10.11,tag1,05/02/2013 06:12,85,APT1-50%,Reconnaissance,"NIST, GDPR",In Progress
203,Threat3,10.10.10.13,tag2,08/16/2016 02:17:19,92,APT15-70%,Lateral Movement,"ISO 27001, TSC",In Progress
204,Threat4,10.10.10.12,tag1,01/23/2016 15:41:53,89,APT50-80%,Obfuscation / Anti-forensics,"GPG, GDPR",Closed
205,Threat5,10.10.10.15,tag0,06/11/2012 23:44,96,APT10-20%,Exploitation,"GPG, ISO 27001",Open
206,Threat1,10.10.10.10,no tag,02/19/2015 04:43:43,81,APT1-70%,Exploitation,"PCI, GDPR",Open
207,Threat2,10.10.10.11,tag1,07/19/2013 12:29:02,85,APT1-50%,Reconnaissance,"NIST, GDPR",In Progress
208,Threat3,10.10.10.13,tag2,01/26/2015 16:09:47,92,APT15-70%,Lateral Movement,"ISO 27001, TSC",In Progress
209,Threat4,10.10.10.12,tag1,01/24/2017 06:54:58,89,APT50-80%,Obfuscation / Anti-forensics,"GPG, GDPR",Closed
210,Threat5,10.10.10.15,tag0,09/13/2016 07:16:59,96,APT10-20%,Exploitation,"GPG, ISO 27001",Open
211,Threat1,10.10.10.10,no tag,04/09/2019 14:49,81,APT1-70%,Exploitation,"PCI, GDPR",Open
212,Threat2,10.10.10.11,tag1,11/07/2015 11:42,85,APT1-50%,Reconnaissance,"NIST, GDPR",In Progress
213,Threat3,10.10.10.13,tag2,12/11/2012 16:11,92,APT15-70%,Lateral Movement,"ISO 27001, TSC",In Progress
214,Threat4,10.10.10.12,tag1,02/01/2014 03:02,89,APT50-80%,Obfuscation / Anti-forensics,"GPG, GDPR",Closed
215,Threat5,10.10.10.15,tag0,05/25/2014 01:19:22,96,APT10-20%,Exploitation,"GPG, ISO 27001",Open
216,Threat1,10.10.10.10,no tag,03/16/2014 06:36:00,81,APT1-70%,Exploitation,"PCI, GDPR",Open
217,Threat2,10.10.10.11,tag1,01/06/2016 08:31,85,APT1-50%,Reconnaissance,"NIST, GDPR",In Progress
218,Threat3,10.10.10.13,tag2,12/23/2013 18:01:54,92,APT15-70%,Lateral Movement,"ISO 27001, TSC",In Progress
219,Threat4,10.10.10.12,tag1,06/20/2020 17:32:33,89,APT50-80%,Obfuscation / Anti-forensics,"GPG, GDPR",Closed
220,Threat5,10.10.10.15,tag0,01/25/2016 19:33:14,96,APT10-20%,Exploitation,"GPG, ISO 27001",Open
221,Threat1,10.10.10.10,no tag,04/11/2013 22:48,81,APT1-70%,Exploitation,"PCI, GDPR",Open
222,Threat2,10.10.10.11,tag1,10/08/2012 01:31,85,APT1-50%,Reconnaissance,"NIST, GDPR",In Progress
223,Threat3,10.10.10.13,tag2,08/20/2016 12:35:59,92,APT15-70%,Lateral Movement,"ISO 27001, TSC",In Progress
224,Threat4,10.10.10.12,tag1,12/24/2012 23:30:58,89,APT50-80%,Obfuscation / Anti-forensics,"GPG, GDPR",Closed
225,Threat5,10.10.10.15,tag0,01/29/2016 20:24:33,96,APT10-20%,Exploitation,"GPG, ISO 27001",Open
226,Threat1,10.10.10.10,no tag,05/02/2019 01:23,81,APT1-70%,Exploitation,"PCI, GDPR",Open
227,Threat2,10.10.10.11,tag1,01/16/2015 07:50:40,85,APT1-50%,Reconnaissance,"NIST, GDPR",In Progress
228,Threat3,10.10.10.13,tag2,03/13/2014 00:13:42,92,APT15-70%,Lateral Movement,"ISO 27001, TSC",In Progress
229,Threat4,10.10.10.12,tag1,12/16/2018 10:35:49,89,APT50-80%,Obfuscation / Anti-forensics,"GPG, GDPR",Closed
230,Threat5,10.10.10.15,tag0,04/23/2014 19:39:32,96,APT10-20%,Exploitation,"GPG, ISO 27001",Open
231,Threat1,10.10.10.10,no tag,06/24/2016 05:59:02,81,APT1-70%,Exploitation,"PCI, GDPR",Open
232,Threat2,10.10.10.11,tag1,04/27/2019 10:46:53,85,APT1-50%,Reconnaissance,"NIST, GDPR",In Progress
233,Threat3,10.10.10.13,tag2,10/08/2017 21:39,92,APT15-70%,Lateral Movement,"ISO 27001, TSC",In Progress
234,Threat4,10.10.10.12,tag1,01/16/2018 05:02:26,89,APT50-80%,Obfuscation / Anti-forensics,"GPG, GDPR",Closed
235,Threat5,10.10.10.15,tag0,12/17/2016 11:58:26,96,APT10-20%,Exploitation,"GPG, ISO 27001",Open
236,Threat1,10.10.10.10,no tag,02/12/2018 15:11,81,APT1-70%,Exploitation,"PCI, GDPR",Open
237,Threat2,10.10.10.11,tag1,02/27/2015 13:12:16,85,APT1-50%,Reconnaissance,"NIST, GDPR",In Progress
238,Threat3,10.10.10.13,tag2,02/23/2012 17:50:23,92,APT15-70%,Lateral Movement,"ISO 27001, TSC",In Progress
239,Threat4,10.10.10.12,tag1,03/22/2012 21:15:51,89,APT50-80%,Obfuscation / Anti-forensics,"GPG, GDPR",Closed
240,Threat5,10.10.10.15,tag0,01/02/2014 14:05,96,APT10-20%,Exploitation,"GPG, ISO 27001",Open
241,Threat1,10.10.10.10,no tag,01/27/2013 00:16:41,81,APT1-70%,Exploitation,"PCI, GDPR",Open
242,Threat2,10.10.10.11,tag1,05/30/2020 02:27:27,85,APT1-50%,Reconnaissance,"NIST, GDPR",In Progress
243,Threat3,10.10.10.13,tag2,01/31/2016 23:33:57,92,APT15-70%,Lateral Movement,"ISO 27001, TSC",In Progress
244,Threat4,10.10.10.12,tag1,06/23/2017 00:55:04,89,APT50-80%,Obfuscation / Anti-forensics,"GPG, GDPR",Closed
245,Threat5,10.10.10.15,tag0,03/16/2013 17:21:16,96,APT10-20%,Exploitation,"GPG, ISO 27001",Open
246,Threat1,10.10.10.10,no tag,12/29/2018 08:29:04,81,APT1-70%,Exploitation,"PCI, GDPR",Open
247,Threat2,10.10.10.11,tag1,09/23/2015 03:22:27,85,APT1-50%,Reconnaissance,"NIST, GDPR",In Progress
248,Threat3,10.10.10.13,tag2,10/24/2014 00:45:34,92,APT15-70%,Lateral Movement,"ISO 27001, TSC",In Progress
249,Threat4,10.10.10.12,tag1,06/29/2019 04:04:09,89,APT50-80%,Obfuscation / Anti-forensics,"GPG, GDPR",Closed
250,Threat5,10.10.10.15,tag0,06/08/2019 00:52,96,APT10-20%,Exploitation,"GPG, ISO 27001",Open
251,Threat1,10.10.10.10,no tag,07/11/2018 03:52,81,APT1-70%,Exploitation,"PCI, GDPR",Open
252,Threat2,10.10.10.11,tag1,06/11/2018 06:39,85,APT1-50%,Reconnaissance,"NIST, GDPR",In Progress
253,Threat3,10.10.10.13,tag2,03/07/2015 15:35,92,APT15-70%,Lateral Movement,"ISO 27001, TSC",In Progress
254,Threat4,10.10.10.12,tag1,04/04/2018 15:15,89,APT50-80%,Obfuscation / Anti-forensics,"GPG, GDPR",Closed
255,Threat5,10.10.10.15,tag0,05/24/2016 17:28:11,96,APT10-20%,Exploitation,"GPG, ISO 27001",Open
256,Threat1,10.10.10.10,no tag,11/02/2016 17:43,81,APT1-70%,Exploitation,"PCI, GDPR",Open
257,Threat2,10.10.10.11,tag1,04/08/2020 21:39,85,APT1-50%,Reconnaissance,"NIST, GDPR",In Progress
258,Threat3,10.10.10.13,tag2,01/06/2012 19:24,92,APT15-70%,Lateral Movement,"ISO 27001, TSC",In Progress
259,Threat4,10.10.10.12,tag1,04/24/2012 03:59:18,89,APT50-80%,Obfuscation / Anti-forensics,"GPG, GDPR",Closed
260,Threat5,10.10.10.15,tag0,08/11/2018 13:37,96,APT10-20%,Exploitation,"GPG, ISO 27001",Open
261,Threat1,10.10.10.10,no tag,07/17/2020 07:53:11,81,APT1-70%,Exploitation,"PCI, GDPR",Open
262,Threat2,10.10.10.11,tag1,08/17/2013 13:25:09,85,APT1-50%,Reconnaissance,"NIST, GDPR",In Progress
263,Threat3,10.10.10.13,tag2,09/28/2014 15:00:41,92,APT15-70%,Lateral Movement,"ISO 27001, TSC",In Progress
264,Threat4,10.10.10.12,tag1,01/19/2018 06:37:14,89,APT50-80%,Obfuscation / Anti-forensics,"GPG, GDPR",Closed
265,Threat5,10.10.10.15,tag0,09/15/2014 12:03:44,96,APT10-20%,Exploitation,"GPG, ISO 27001",Open
266,Threat1,10.10.10.10,no tag,11/04/2019 06:05,81,APT1-70%,Exploitation,"PCI, GDPR",Open
267,Threat2,10.10.10.11,tag1,04/16/2012 11:24:34,85,APT1-50%,Reconnaissance,"NIST, GDPR",In Progress
268,Threat3,10.10.10.13,tag2,08/01/2019 15:46,92,APT15-70%,Lateral Movement,"ISO 27001, TSC",In Progress
269,Threat4,10.10.10.12,tag1,06/02/2014 10:42,89,APT50-80%,Obfuscation / Anti-forensics,"GPG, GDPR",Closed
270,Threat5,10.10.10.15,tag0,02/11/2012 18:30,96,APT10-20%,Exploitation,"GPG, ISO 27001",Open
271,Threat1,10.10.10.10,no tag,05/25/2018 17:14:26,81,APT1-70%,Exploitation,"PCI, GDPR",Open
272,Threat2,10.10.10.11,tag1,03/11/2015 00:49,85,APT1-50%,Reconnaissance,"NIST, GDPR",In Progress
273,Threat3,10.10.10.13,tag2,01/27/2013 00:49:04,92,APT15-70%,Lateral Movement,"ISO 27001, TSC",In Progress
274,Threat4,10.10.10.12,tag1,12/10/2017 06:23,89,APT50-80%,Obfuscation / Anti-forensics,"GPG, GDPR",Closed
275,Threat5,10.10.10.15,tag0,02/27/2012 18:15:53,96,APT10-20%,Exploitation,"GPG, ISO 27001",Open
276,Threat1,10.10.10.10,no tag,07/04/2018 03:22,81,APT1-70%,Exploitation,"PCI, GDPR",Open
277,Threat2,10.10.10.11,tag1,02/12/2015 19:37,85,APT1-50%,Reconnaissance,"NIST, GDPR",In Progress
278,Threat3,10.10.10.13,tag2,06/04/2015 10:29,92,APT15-70%,Lateral Movement,"ISO 27001, TSC",In Progress
279,Threat4,10.10.10.12,tag1,03/01/2014 11:42,89,APT50-80%,Obfuscation / Anti-forensics,"GPG, GDPR",Closed
280,Threat5,10.10.10.15,tag0,01/28/2016 03:13:40,96,APT10-20%,Exploitation,"GPG, ISO 27001",Open
281,Threat1,10.10.10.10,no tag,02/09/2014 10:15,81,APT1-70%,Exploitation,"PCI, GDPR",Open
282,Threat2,10.10.10.11,tag1,10/30/2015 06:34:28,85,APT1-50%,Reconnaissance,"NIST, GDPR",In Progress
283,Threat3,10.10.10.13,tag2,10/13/2015 16:37:38,92,APT15-70%,Lateral Movement,"ISO 27001, TSC",In Progress
284,Threat4,10.10.10.12,tag1,06/25/2017 21:01:50,89,APT50-80%,Obfuscation / Anti-forensics,"GPG, GDPR",Closed
285,Threat5,10.10.10.15,tag0,09/15/2018 02:58:48,96,APT10-20%,Exploitation,"GPG, ISO 27001",Open
286,Threat1,10.10.10.10,no tag,02/24/2016 08:37:37,81,APT1-70%,Exploitation,"PCI, GDPR",Open
287,Threat2,10.10.10.11,tag1,08/17/2015 22:43:12,85,APT1-50%,Reconnaissance,"NIST, GDPR",In Progress
288,Threat3,10.10.10.13,tag2,03/24/2018 17:44:59,92,APT15-70%,Lateral Movement,"ISO 27001, TSC",In Progress
289,Threat4,10.10.10.12,tag1,11/27/2015 18:41:30,89,APT50-80%,Obfuscation / Anti-forensics,"GPG, GDPR",Closed
290,Threat5,10.10.10.15,tag0,11/06/2019 03:13,96,APT10-20%,Exploitation,"GPG, ISO 27001",Open
291,Threat1,10.10.10.10,no tag,03/01/2017 15:18,81,APT1-70%,Exploitation,"PCI, GDPR",Open
292,Threat2,10.10.10.11,tag1,06/02/2016 16:13,85,APT1-50%,Reconnaissance,"NIST, GDPR",In Progress
293,Threat3,10.10.10.13,tag2,03/16/2015 08:18:49,92,APT15-70%,Lateral Movement,"ISO 27001, TSC",In Progress
294,Threat4,10.10.10.12,tag1,02/17/2015 12:12:22,89,APT50-80%,Obfuscation / Anti-forensics,"GPG, GDPR",Closed
295,Threat5,10.10.10.15,tag0,10/29/2018 05:10:41,96,APT10-20%,Exploitation,"GPG, ISO 27001",Open
296,Threat1,10.10.10.10,no tag,07/29/2017 13:30:54,81,APT1-70%,Exploitation,"PCI, GDPR",Open
297,Threat2,10.10.10.11,tag1,02/04/2018 11:17,85,APT1-50%,Reconnaissance,"NIST, GDPR",In Progress
298,Threat3,10.10.10.13,tag2,12/21/2018 04:53:53,92,APT15-70%,Lateral Movement,"ISO 27001, TSC",In Progress
299,Threat4,10.10.10.12,tag1,03/08/2016 23:23,89,APT50-80%,Obfuscation / Anti-forensics,"GPG, GDPR",Closed
300,Threat5,10.10.10.15,tag0,05/17/2018 19:02:44,96,APT10-20%,Exploitation,"GPG, ISO 27001",Open
301,Threat1,10.10.10.10,no tag,02/20/2016 14:40:50,81,APT1-70%,Exploitation,"PCI, GDPR",Open
302,Threat2,10.10.10.11,tag1,02/03/2019 15:50,85,APT1-50%,Reconnaissance,"NIST, GDPR",In Progress
303,Threat3,10.10.10.13,tag2,04/18/2012 04:28:12,92,APT15-70%,Lateral Movement,"ISO 27001, TSC",In Progress
304,Threat4,10.10.10.12,tag1,10/19/2018 18:50:15,89,APT50-80%,Obfuscation / Anti-forensics,"GPG, GDPR",Closed
305,Threat5,10.10.10.15,tag0,09/09/2013 14:43,96,APT10-20%,Exploitation,"GPG, ISO 27001",Open
306,Threat1,10.10.10.10,no tag,11/08/2012 17:38,81,APT1-70%,Exploitation,"PCI, GDPR",Open
307,Threat2,10.10.10.11,tag1,06/30/2016 04:42:30,85,APT1-50%,Reconnaissance,"NIST, GDPR",In Progress
308,Threat3,10.10.10.13,tag2,06/20/2016 17:51:44,92,APT15-70%,Lateral Movement,"ISO 27001, TSC",In Progress
309,Threat4,10.10.10.12,tag1,08/05/2014 08:41,89,APT50-80%,Obfuscation / Anti-forensics,"GPG, GDPR",Closed
310,Threat5,10.10.10.15,tag0,02/13/2014 03:08:55,96,APT10-20%,Exploitation,"GPG, ISO 27001",Open
311,Threat1,10.10.10.10,no tag,07/06/2017 20:00,81,APT1-70%,Exploitation,"PCI, GDPR",Open
312,Threat2,10.10.10.11,tag1,11/09/2018 15:52,85,APT1-50%,Reconnaissance,"NIST, GDPR",In Progress
313,Threat3,10.10.10.13,tag2,08/15/2015 06:44:24,92,APT15-70%,Lateral Movement,"ISO 27001, TSC",In Progress
314,Threat4,10.10.10.12,tag1,08/30/2018 08:32:52,89,APT50-80%,Obfuscation / Anti-forensics,"GPG, GDPR",Closed
315,Threat5,10.10.10.15,tag0,03/29/2015 03:52:49,96,APT10-20%,Exploitation,"GPG, ISO 27001",Open
316,Threat1,10.10.10.10,no tag,09/02/2014 22:21,81,APT1-70%,Exploitation,"PCI, GDPR",Open
317,Threat2,10.10.10.11,tag1,11/25/2019 21:19:40,85,APT1-50%,Reconnaissance,"NIST, GDPR",In Progress
318,Threat3,10.10.10.13,tag2,01/12/2015 11:50,92,APT15-70%,Lateral Movement,"ISO 27001, TSC",In Progress
319,Threat4,10.10.10.12,tag1,12/11/2019 19:13,89,APT50-80%,Obfuscation / Anti-forensics,"GPG, GDPR",Closed
320,Threat5,10.10.10.15,tag0,11/06/2012 17:45,96,APT10-20%,Exploitation,"GPG, ISO 27001",Open
321,Threat1,10.10.10.10,no tag,03/07/2020 23:11,81,APT1-70%,Exploitation,"PCI, GDPR",Open
322,Threat2,10.10.10.11,tag1,04/19/2020 06:29:24,85,APT1-50%,Reconnaissance,"NIST, GDPR",In Progress
323,Threat3,10.10.10.13,tag2,02/20/2014 20:04:52,92,APT15-70%,Lateral Movement,"ISO 27001, TSC",In Progress
324,Threat4,10.10.10.12,tag1,02/02/2020 14:54,89,APT50-80%,Obfuscation / Anti-forensics,"GPG, GDPR",Closed
325,Threat5,10.10.10.15,tag0,10/07/2013 12:28,96,APT10-20%,Exploitation,"GPG, ISO 27001",Open
326,Threat1,10.10.10.10,no tag,01/18/2014 00:35:40,81,APT1-70%,Exploitation,"PCI, GDPR",Open
327,Threat2,10.10.10.11,tag1,12/07/2016 00:11,85,APT1-50%,Reconnaissance,"NIST, GDPR",In Progress
328,Threat3,10.10.10.13,tag2,01/23/2016 00:46:52,92,APT15-70%,Lateral Movement,"ISO 27001, TSC",In Progress
329,Threat4,10.10.10.12,tag1,09/15/2019 22:29:31,89,APT50-80%,Obfuscation / Anti-forensics,"GPG, GDPR",Closed
330,Threat5,10.10.10.15,tag0,11/25/2012 19:44:32,96,APT10-20%,Exploitation,"GPG, ISO 27001",Open
331,Threat1,10.10.10.10,no tag,10/29/2015 19:22:49,81,APT1-70%,Exploitation,"PCI, GDPR",Open
332,Threat2,10.10.10.11,tag1,06/26/2019 10:52:23,85,APT1-50%,Reconnaissance,"NIST, GDPR",In Progress
333,Threat3,10.10.10.13,tag2,03/28/2018 01:23:26,92,APT15-70%,Lateral Movement,"ISO 27001, TSC",In Progress
334,Threat4,10.10.10.12,tag1,02/26/2014 02:56:44,89,APT50-80%,Obfuscation / Anti-forensics,"GPG, GDPR",Closed
335,Threat5,10.10.10.15,tag0,06/16/2012 13:24:54,96,APT10-20%,Exploitation,"GPG, ISO 27001",Open
336,Threat1,10.10.10.10,no tag,04/21/2018 16:15:00,81,APT1-70%,Exploitation,"PCI, GDPR",Open
337,Threat2,10.10.10.11,tag1,10/03/2013 10:41,85,APT1-50%,Reconnaissance,"NIST, GDPR",In Progress
338,Threat3,10.10.10.13,tag2,01/06/2016 01:29,92,APT15-70%,Lateral Movement,"ISO 27001, TSC",In Progress
339,Threat4,10.10.10.12,tag1,06/17/2014 20:33:22,89,APT50-80%,Obfuscation / Anti-forensics,"GPG, GDPR",Closed
340,Threat5,10.10.10.15,tag0,12/29/2015 09:41:29,96,APT10-20%,Exploitation,"GPG, ISO 27001",Open
341,Threat1,10.10.10.10,no tag,08/02/2016 09:05,81,APT1-70%,Exploitation,"PCI, GDPR",Open
342,Threat2,10.10.10.11,tag1,04/26/2014 04:16:20,85,APT1-50%,Reconnaissance,"NIST, GDPR",In Progress
343,Threat3,10.10.10.13,tag2,10/25/2018 01:47:10,92,APT15-70%,Lateral Movement,"ISO 27001, TSC",In Progress
344,Threat4,10.10.10.12,tag1,10/11/2015 23:06,89,APT50-80%,Obfuscation / Anti-forensics,"GPG, GDPR",Closed
345,Threat5,10.10.10.15,tag0,10/23/2013 02:54:13,96,APT10-20%,Exploitation,"GPG, ISO 27001",Open
346,Threat1,10.10.10.10,no tag,11/02/2012 09:06,81,APT1-70%,Exploitation,"PCI, GDPR",Open
347,Threat2,10.10.10.11,tag1,03/28/2020 19:13:37,85,APT1-50%,Reconnaissance,"NIST, GDPR",In Progress
348,Threat3,10.10.10.13,tag2,02/01/2014 03:54,92,APT15-70%,Lateral Movement,"ISO 27001, TSC",In Progress
349,Threat4,10.10.10.12,tag1,07/08/2019 18:21,89,APT50-80%,Obfuscation / Anti-forensics,"GPG, GDPR",Closed
350,Threat5,10.10.10.15,tag0,04/01/2017 04:01,96,APT10-20%,Exploitation,"GPG, ISO 27001",Open
351,Threat1,10.10.10.10,no tag,11/12/2014 14:33,81,APT1-70%,Exploitation,"PCI, GDPR",Open
352,Threat2,10.10.10.11,tag1,08/03/2012 06:34,85,APT1-50%,Reconnaissance,"NIST, GDPR",In Progress
353,Threat3,10.10.10.13,tag2,04/16/2013 20:55:59,92,APT15-70%,Lateral Movement,"ISO 27001, TSC",In Progress
354,Threat4,10.10.10.12,tag1,07/17/2019 17:38:51,89,APT50-80%,Obfuscation / Anti-forensics,"GPG, GDPR",Closed
355,Threat5,10.10.10.15,tag0,08/21/2014 10:57:17,96,APT10-20%,Exploitation,"GPG, ISO 27001",Open
356,Threat1,10.10.10.10,no tag,06/03/2020 07:23,81,APT1-70%,Exploitation,"PCI, GDPR",Open
357,Threat2,10.10.10.11,tag1,03/28/2013 05:32:49,85,APT1-50%,Reconnaissance,"NIST, GDPR",In Progress
358,Threat3,10.10.10.13,tag2,11/13/2019 15:03:29,92,APT15-70%,Lateral Movement,"ISO 27001, TSC",In Progress
359,Threat4,10.10.10.12,tag1,01/13/2015 06:11:15,89,APT50-80%,Obfuscation / Anti-forensics,"GPG, GDPR",Closed
360,Threat5,10.10.10.15,tag0,03/31/2020 12:45:48,96,APT10-20%,Exploitation,"GPG, ISO 27001",Open
361,Threat1,10.10.10.10,no tag,10/16/2014 06:12:04,81,APT1-70%,Exploitation,"PCI, GDPR",Open
362,Threat2,10.10.10.11,tag1,05/03/2016 13:30,85,APT1-50%,Reconnaissance,"NIST, GDPR",In Progress
363,Threat3,10.10.10.13,tag2,02/16/2017 19:12:49,92,APT15-70%,Lateral Movement,"ISO 27001, TSC",In Progress
364,Threat4,10.10.10.12,tag1,08/19/2019 01:10:40,89,APT50-80%,Obfuscation / Anti-forensics,"GPG, GDPR",Closed
365,Threat5,10.10.10.15,tag0,10/28/2017 12:18:28,96,APT10-20%,Exploitation,"GPG, ISO 27001",Open
366,Threat1,10.10.10.10,no tag,06/27/2014 16:08:03,81,APT1-70%,Exploitation,"PCI, GDPR",Open
367,Threat2,10.10.10.11,tag1,09/07/2019 06:21,85,APT1-50%,Reconnaissance,"NIST, GDPR",In Progress
368,Threat3,10.10.10.13,tag2,04/23/2013 07:58:51,92,APT15-70%,Lateral Movement,"ISO 27001, TSC",In Progress
369,Threat4,10.10.10.12,tag1,11/06/2018 14:35,89,APT50-80%,Obfuscation / Anti-forensics,"GPG, GDPR",Closed
370,Threat5,10.10.10.15,tag0,02/23/2016 22:40:23,96,APT10-20%,Exploitation,"GPG, ISO 27001",Open
371,Threat1,10.10.10.10,no tag,10/10/2015 14:42,81,APT1-70%,Exploitation,"PCI, GDPR",Open
372,Threat2,10.10.10.11,tag1,12/01/2012 05:54,85,APT1-50%,Reconnaissance,"NIST, GDPR",In Progress
373,Threat3,10.10.10.13,tag2,08/19/2019 11:43:01,92,APT15-70%,Lateral Movement,"ISO 27001, TSC",In Progress
374,Threat4,10.10.10.12,tag1,08/21/2014 16:03:08,89,APT50-80%,Obfuscation / Anti-forensics,"GPG, GDPR",Closed
375,Threat5,10.10.10.15,tag0,09/27/2012 02:26:15,96,APT10-20%,Exploitation,"GPG, ISO 27001",Open
376,Threat1,10.10.10.10,no tag,01/27/2017 06:46:00,81,APT1-70%,Exploitation,"PCI, GDPR",Open
377,Threat2,10.10.10.11,tag1,02/02/2019 14:40,85,APT1-50%,Reconnaissance,"NIST, GDPR",In Progress
378,Threat3,10.10.10.13,tag2,06/07/2019 22:21,92,APT15-70%,Lateral Movement,"ISO 27001, TSC",In Progress
379,Threat4,10.10.10.12,tag1,04/13/2018 05:33:36,89,APT50-80%,Obfuscation / Anti-forensics,"GPG, GDPR",Closed
380,Threat5,10.10.10.15,tag0,01/01/2020 18:32,96,APT10-20%,Exploitation,"GPG, ISO 27001",Open
381,Threat1,10.10.10.10,no tag,10/27/2012 16:20:55,81,APT1-70%,Exploitation,"PCI, GDPR",Open
382,Threat2,10.10.10.11,tag1,10/20/2012 21:39:27,85,APT1-50%,Reconnaissance,"NIST, GDPR",In Progress
383,Threat3,10.10.10.13,tag2,04/30/2018 03:36:36,92,APT15-70%,Lateral Movement,"ISO 27001, TSC",In Progress
384,Threat4,10.10.10.12,tag1,10/02/2014 04:14,89,APT50-80%,Obfuscation / Anti-forensics,"GPG, GDPR",Closed
385,Threat5,10.10.10.15,tag0,12/22/2019 01:21:07,96,APT10-20%,Exploitation,"GPG, ISO 27001",Open
386,Threat1,10.10.10.10,no tag,07/13/2012 07:01:01,81,APT1-70%,Exploitation,"PCI, GDPR",Open
387,Threat2,10.10.10.11,tag1,04/12/2020 04:50,85,APT1-50%,Reconnaissance,"NIST, GDPR",In Progress
388,Threat3,10.10.10.13,tag2,04/25/2012 20:50:57,92,APT15-70%,Lateral Movement,"ISO 27001, TSC",In Progress
389,Threat4,10.10.10.12,tag1,12/31/2013 02:32:58,89,APT50-80%,Obfuscation / Anti-forensics,"GPG, GDPR",Closed
390,Threat5,10.10.10.15,tag0,01/10/2015 03:55,96,APT10-20%,Exploitation,"GPG, ISO 27001",Open
391,Threat1,10.10.10.10,no tag,03/08/2012 20:13,81,APT1-70%,Exploitation,"PCI, GDPR",Open
392,Threat2,10.10.10.11,tag1,12/25/2014 07:54:30,85,APT1-50%,Reconnaissance,"NIST, GDPR",In Progress
393,Threat3,10.10.10.13,tag2,03/08/2014 22:56,92,APT15-70%,Lateral Movement,"ISO 27001, TSC",In Progress
394,Threat4,10.10.10.12,tag1,01/11/2013 13:45,89,APT50-80%,Obfuscation / Anti-forensics,"GPG, GDPR",Closed
395,Threat5,10.10.10.15,tag0,01/21/2014 12:10:09,96,APT10-20%,Exploitation,"GPG, ISO 27001",Open
396,Threat1,10.10.10.10,no tag,08/18/2016 04:19:51,81,APT1-70%,Exploitation,"PCI, GDPR",Open
397,Threat2,10.10.10.11,tag1,11/19/2015 14:26:39,85,APT1-50%,Reconnaissance,"NIST, GDPR",In Progress
398,Threat3,10.10.10.13,tag2,07/07/2018 13:32,92,APT15-70%,Lateral Movement,"ISO 27001, TSC",In Progress
399,Threat4,10.10.10.12,tag1,01/29/2018 18:01:02,89,APT50-80%,Obfuscation / Anti-forensics,"GPG, GDPR",Closed
400,Threat5,10.10.10.15,tag0,10/26/2018 04:29:56,96,APT10-20%,Exploitation,"GPG, ISO 27001",Open
401,Threat1,10.10.10.10,no tag,01/26/2012 22:02:01,81,APT1-70%,Exploitation,"PCI, GDPR",Open
402,Threat2,10.10.10.11,tag1,12/21/2018 15:51:42,85,APT1-50%,Reconnaissance,"NIST, GDPR",In Progress
403,Threat3,10.10.10.13,tag2,04/20/2020 12:52:11,92,APT15-70%,Lateral Movement,"ISO 27001, TSC",In Progress
404,Threat4,10.10.10.12,tag1,05/22/2015 08:18:24,89,APT50-80%,Obfuscation / Anti-forensics,"GPG, GDPR",Closed
405,Threat5,10.10.10.15,tag0,09/24/2018 03:47:30,96,APT10-20%,Exploitation,"GPG, ISO 27001",Open
406,Threat1,10.10.10.10,no tag,06/28/2019 16:35:21,81,APT1-70%,Exploitation,"PCI, GDPR",Open
407,Threat2,10.10.10.11,tag1,11/01/2018 22:15,85,APT1-50%,Reconnaissance,"NIST, GDPR",In Progress
408,Threat3,10.10.10.13,tag2,08/13/2018 05:28:11,92,APT15-70%,Lateral Movement,"ISO 27001, TSC",In Progress
409,Threat4,10.10.10.12,tag1,10/09/2013 12:08,89,APT50-80%,Obfuscation / Anti-forensics,"GPG, GDPR",Closed
410,Threat5,10.10.10.15,tag0,02/15/2014 20:39:17,96,APT10-20%,Exploitation,"GPG, ISO 27001",Open
411,Threat1,10.10.10.10,no tag,04/19/2018 21:52:40,81,APT1-70%,Exploitation,"PCI, GDPR",Open
412,Threat2,10.10.10.11,tag1,04/27/2012 17:18:21,85,APT1-50%,Reconnaissance,"NIST, GDPR",In Progress
413,Threat3,10.10.10.13,tag2,10/01/2019 05:20,92,APT15-70%,Lateral Movement,"ISO 27001, TSC",In Progress
414,Threat4,10.10.10.12,tag1,02/16/2018 03:47:58,89,APT50-80%,Obfuscation / Anti-forensics,"GPG, GDPR",Closed
415,Threat5,10.10.10.15,tag0,01/01/2015 09:42,96,APT10-20%,Exploitation,"GPG, ISO 27001",Open
416,Threat1,10.10.10.10,no tag,07/09/2014 08:16,81,APT1-70%,Exploitation,"PCI, GDPR",Open
417,Threat2,10.10.10.11,tag1,02/18/2019 07:39:31,85,APT1-50%,Reconnaissance,"NIST, GDPR",In Progress
418,Threat3,10.10.10.13,tag2,10/03/2016 15:16,92,APT15-70%,Lateral Movement,"ISO 27001, TSC",In Progress
419,Threat4,10.10.10.12,tag1,08/24/2014 22:05:04,89,APT50-80%,Obfuscation / Anti-forensics,"GPG, GDPR",Closed
420,Threat5,10.10.10.15,tag0,10/19/2016 08:18:57,96,APT10-20%,Exploitation,"GPG, ISO 27001",Open
421,Threat1,10.10.10.10,no tag,08/31/2012 19:26:50,81,APT1-70%,Exploitation,"PCI, GDPR",Open
422,Threat2,10.10.10.11,tag1,03/04/2012 11:16,85,APT1-50%,Reconnaissance,"NIST, GDPR",In Progress
423,Threat3,10.10.10.13,tag2,03/04/2013 22:05,92,APT15-70%,Lateral Movement,"ISO 27001, TSC",In Progress
424,Threat4,10.10.10.12,tag1,10/24/2019 22:10:30,89,APT50-80%,Obfuscation / Anti-forensics,"GPG, GDPR",Closed
425,Threat5,10.10.10.15,tag0,12/08/2018 20:10,96,APT10-20%,Exploitation,"GPG, ISO 27001",Open
426,Threat1,10.10.10.10,no tag,05/07/2018 17:07,81,APT1-70%,Exploitation,"PCI, GDPR",Open
427,Threat2,10.10.10.11,tag1,09/21/2013 05:04:04,85,APT1-50%,Reconnaissance,"NIST, GDPR",In Progress
428,Threat3,10.10.10.13,tag2,02/19/2019 08:52:42,92,APT15-70%,Lateral Movement,"ISO 27001, TSC",In Progress
429,Threat4,10.10.10.12,tag1,04/06/2013 10:06,89,APT50-80%,Obfuscation / Anti-forensics,"GPG, GDPR",Closed
430,Threat5,10.10.10.15,tag0,06/13/2012 05:31:10,96,APT10-20%,Exploitation,"GPG, ISO 27001",Open
431,Threat1,10.10.10.10,no tag,07/23/2018 11:02:41,81,APT1-70%,Exploitation,"PCI, GDPR",Open
432,Threat2,10.10.10.11,tag1,03/17/2013 08:04:02,85,APT1-50%,Reconnaissance,"NIST, GDPR",In Progress
433,Threat3,10.10.10.13,tag2,08/01/2012 18:44,92,APT15-70%,Lateral Movement,"ISO 27001, TSC",In Progress
434,Threat4,10.10.10.12,tag1,03/17/2014 06:03:34,89,APT50-80%,Obfuscation / Anti-forensics,"GPG, GDPR",Closed
435,Threat5,10.10.10.15,tag0,11/04/2013 21:23,96,APT10-20%,Exploitation,"GPG, ISO 27001",Open
436,Threat1,10.10.10.10,no tag,10/15/2013 04:09:27,81,APT1-70%,Exploitation,"PCI, GDPR",Open
437,Threat2,10.10.10.11,tag1,02/02/2020 10:31,85,APT1-50%,Reconnaissance,"NIST, GDPR",In Progress
438,Threat3,10.10.10.13,tag2,07/03/2012 08:53,92,APT15-70%,Lateral Movement,"ISO 27001, TSC",In Progress
439,Threat4,10.10.10.12,tag1,10/18/2015 05:20:55,89,APT50-80%,Obfuscation / Anti-forensics,"GPG, GDPR",Closed
440,Threat5,10.10.10.15,tag0,01/06/2020 14:22,96,APT10-20%,Exploitation,"GPG, ISO 27001",Open
441,Threat1,10.10.10.10,no tag,07/30/2016 15:08:28,81,APT1-70%,Exploitation,"PCI, GDPR",Open
442,Threat2,10.10.10.11,tag1,11/09/2019 02:44,85,APT1-50%,Reconnaissance,"NIST, GDPR",In Progress
443,Threat3,10.10.10.13,tag2,08/03/2015 08:16,92,APT15-70%,Lateral Movement,"ISO 27001, TSC",In Progress
444,Threat4,10.10.10.12,tag1,10/11/2012 10:17,89,APT50-80%,Obfuscation / Anti-forensics,"GPG, GDPR",Closed
445,Threat5,10.10.10.15,tag0,10/02/2012 21:19,96,APT10-20%,Exploitation,"GPG, ISO 27001",Open
446,Threat1,10.10.10.10,no tag,07/04/2020 09:12,81,APT1-70%,Exploitation,"PCI, GDPR",Open
447,Threat2,10.10.10.11,tag1,03/19/2012 07:05:51,85,APT1-50%,Reconnaissance,"NIST, GDPR",In Progress
448,Threat3,10.10.10.13,tag2,01/06/2019 14:31,92,APT15-70%,Lateral Movement,"ISO 27001, TSC",In Progress
449,Threat4,10.10.10.12,tag1,09/30/2013 09:28:21,89,APT50-80%,Obfuscation / Anti-forensics,"GPG, GDPR",Closed
450,Threat5,10.10.10.15,tag0,04/25/2018 22:21:11,96,APT10-20%,Exploitation,"GPG, ISO 27001",Open
451,Threat1,10.10.10.10,no tag,02/07/2020 17:04,81,APT1-70%,Exploitation,"PCI, GDPR",Open
452,Threat2,10.10.10.11,tag1,11/17/2018 01:14:11,85,APT1-50%,Reconnaissance,"NIST, GDPR",In Progress
453,Threat3,10.10.10.13,tag2,06/14/2020 14:07:49,92,APT15-70%,Lateral Movement,"ISO 27001, TSC",In Progress
454,Threat4,10.10.10.12,tag1,10/20/2018 09:52:56,89,APT50-80%,Obfuscation / Anti-forensics,"GPG, GDPR",Closed
455,Threat5,10.10.10.15,tag0,01/29/2020 15:27:08,96,APT10-20%,Exploitation,"GPG, ISO 27001",Open
456,Threat1,10.10.10.10,no tag,07/30/2012 00:49:56,81,APT1-70%,Exploitation,"PCI, GDPR",Open
457,Threat2,10.10.10.11,tag1,06/15/2018 16:58:50,85,APT1-50%,Reconnaissance,"NIST, GDPR",In Progress
458,Threat3,10.10.10.13,tag2,07/27/2019 22:35:05,92,APT15-70%,Lateral Movement,"ISO 27001, TSC",In Progress
459,Threat4,10.10.10.12,tag1,04/22/2017 17:32:15,89,APT50-80%,Obfuscation / Anti-forensics,"GPG, GDPR",Closed
460,Threat5,10.10.10.15,tag0,08/16/2013 04:14:27,96,APT10-20%,Exploitation,"GPG, ISO 27001",Open
461,Threat1,10.10.10.10,no tag,06/25/2019 13:23:28,81,APT1-70%,Exploitation,"PCI, GDPR",Open
462,Threat2,10.10.10.11,tag1,06/29/2012 04:44:58,85,APT1-50%,Reconnaissance,"NIST, GDPR",In Progress
463,Threat3,10.10.10.13,tag2,01/06/2013 16:25,92,APT15-70%,Lateral Movement,"ISO 27001, TSC",In Progress
464,Threat4,10.10.10.12,tag1,07/23/2014 21:43:48,89,APT50-80%,Obfuscation / Anti-forensics,"GPG, GDPR",Closed
465,Threat5,10.10.10.15,tag0,06/17/2016 15:02:04,96,APT10-20%,Exploitation,"GPG, ISO 27001",Open
466,Threat1,10.10.10.10,no tag,05/24/2014 20:14:31,81,APT1-70%,Exploitation,"PCI, GDPR",Open
467,Threat2,10.10.10.11,tag1,04/22/2017 20:40:14,85,APT1-50%,Reconnaissance,"NIST, GDPR",In Progress
468,Threat3,10.10.10.13,tag2,08/18/2019 17:55:49,92,APT15-70%,Lateral Movement,"ISO 27001, TSC",In Progress
469,Threat4,10.10.10.12,tag1,12/07/2014 09:42,89,APT50-80%,Obfuscation / Anti-forensics,"GPG, GDPR",Closed
470,Threat5,10.10.10.15,tag0,04/27/2020 22:41:20,96,APT10-20%,Exploitation,"GPG, ISO 27001",Open
471,Threat1,10.10.10.10,no tag,06/21/2012 22:26:41,81,APT1-70%,Exploitation,"PCI, GDPR",Open
472,Threat2,10.10.10.11,tag1,02/11/2014 15:33,85,APT1-50%,Reconnaissance,"NIST, GDPR",In Progress
473,Threat3,10.10.10.13,tag2,10/14/2014 13:57:25,92,APT15-70%,Lateral Movement,"ISO 27001, TSC",In Progress
474,Threat4,10.10.10.12,tag1,09/06/2018 13:25,89,APT50-80%,Obfuscation / Anti-forensics,"GPG, GDPR",Closed
475,Threat5,10.10.10.15,tag0,09/17/2016 04:27:39,96,APT10-20%,Exploitation,"GPG, ISO 27001",Open
476,Threat1,10.10.10.10,no tag,01/31/2019 23:02:13,81,APT1-70%,Exploitation,"PCI, GDPR",Open
477,Threat2,10.10.10.11,tag1,05/11/2019 17:06,85,APT1-50%,Reconnaissance,"NIST, GDPR",In Progress
478,Threat3,10.10.10.13,tag2,02/15/2012 10:11:33,92,APT15-70%,Lateral Movement,"ISO 27001, TSC",In Progress
479,Threat4,10.10.10.12,tag1,08/05/2013 07:02,89,APT50-80%,Obfuscation / Anti-forensics,"GPG, GDPR",Closed
480,Threat5,10.10.10.15,tag0,06/10/2012 06:34,96,APT10-20%,Exploitation,"GPG, ISO 27001",Open
481,Threat1,10.10.10.10,no tag,03/02/2015 22:25,81,APT1-70%,Exploitation,"PCI, GDPR",Open
482,Threat2,10.10.10.11,tag1,05/09/2014 15:31,85,APT1-50%,Reconnaissance,"NIST, GDPR",In Progress
483,Threat3,10.10.10.13,tag2,07/08/2019 06:38,92,APT15-70%,Lateral Movement,"ISO 27001, TSC",In Progress
484,Threat4,10.10.10.12,tag1,04/15/2014 03:24:56,89,APT50-80%,Obfuscation / Anti-forensics,"GPG, GDPR",Closed
485,Threat5,10.10.10.15,tag0,03/18/2013 05:26:08,96,APT10-20%,Exploitation,"GPG, ISO 27001",Open
486,Threat1,10.10.10.10,no tag,03/20/2016 04:31:00,81,APT1-70%,Exploitation,"PCI, GDPR",Open
487,Threat2,10.10.10.11,tag1,09/21/2014 12:29:37,85,APT1-50%,Reconnaissance,"NIST, GDPR",In Progress
488,Threat3,10.10.10.13,tag2,03/13/2012 02:01:26,92,APT15-70%,Lateral Movement,"ISO 27001, TSC",In Progress
489,Threat4,10.10.10.12,tag1,08/17/2013 17:14:19,89,APT50-80%,Obfuscation / Anti-forensics,"GPG, GDPR",Closed
490,Threat5,10.10.10.15,tag0,06/20/2017 20:08:06,96,APT10-20%,Exploitation,"GPG, ISO 27001",Open
491,Threat1,10.10.10.10,no tag,12/19/2013 16:05:03,81,APT1-70%,Exploitation,"PCI, GDPR",Open
492,Threat2,10.10.10.11,tag1,05/02/2019 20:42,85,APT1-50%,Reconnaissance,"NIST, GDPR",In Progress
493,Threat3,10.10.10.13,tag2,07/02/2020 15:14,92,APT15-70%,Lateral Movement,"ISO 27001, TSC",In Progress
494,Threat4,10.10.10.12,tag1,01/13/2014 16:28:28,89,APT50-80%,Obfuscation / Anti-forensics,"GPG, GDPR",Closed
495,Threat5,10.10.10.15,tag0,06/08/2020 22:33,96,APT10-20%,Exploitation,"GPG, ISO 27001",Open
496,Threat1,10.10.10.10,no tag,01/25/2012 15:14:49,81,APT1-70%,Exploitation,"PCI, GDPR",Open
497,Threat2,10.10.10.11,tag1,06/19/2015 16:00:24,85,APT1-50%,Reconnaissance,"NIST, GDPR",In Progress
498,Threat3,10.10.10.13,tag2,06/04/2012 20:59,92,APT15-70%,Lateral Movement,"ISO 27001, TSC",In Progress
499,Threat4,10.10.10.12,tag1,03/07/2020 09:29,89,APT50-80%,Obfuscation / Anti-forensics,"GPG, GDPR",Closed
500,Threat5,10.10.10.15,tag0,09/20/2016 09:26:38,96,APT10-20%,Exploitation,"GPG, ISO 27001",Open
501,Threat1,10.10.10.10,no tag,09/28/2018 13:59:33,81,APT1-70%,Exploitation,"PCI, GDPR",Open
502,Threat2,10.10.10.11,tag1,04/28/2015 14:13:59,85,APT1-50%,Reconnaissance,"NIST, GDPR",In Progress
503,Threat3,10.10.10.13,tag2,12/14/2016 12:42:31,92,APT15-70%,Lateral Movement,"ISO 27001, TSC",In Progress
504,Threat4,10.10.10.12,tag1,03/20/2020 22:04:33,89,APT50-80%,Obfuscation / Anti-forensics,"GPG, GDPR",Closed
505,Threat5,10.10.10.15,tag0,12/03/2012 08:09,96,APT10-20%,Exploitation,"GPG, ISO 27001",Open
506,Threat1,10.10.10.10,no tag,12/21/2014 01:14:10,81,APT1-70%,Exploitation,"PCI, GDPR",Open
507,Threat2,10.10.10.11,tag1,04/20/2020 21:01:08,85,APT1-50%,Reconnaissance,"NIST, GDPR",In Progress
508,Threat3,10.10.10.13,tag2,02/17/2016 11:26:18,92,APT15-70%,Lateral Movement,"ISO 27001, TSC",In Progress
509,Threat4,10.10.10.12,tag1,05/22/2017 04:11:17,89,APT50-80%,Obfuscation / Anti-forensics,"GPG, GDPR",Closed
510,Threat5,10.10.10.15,tag0,10/06/2017 04:03,96,APT10-20%,Exploitation,"GPG, ISO 27001",Open
511,Threat1,10.10.10.10,no tag,01/21/2015 21:00:29,81,APT1-70%,Exploitation,"PCI, GDPR",Open
512,Threat2,10.10.10.11,tag1,10/23/2019 17:35:42,85,APT1-50%,Reconnaissance,"NIST, GDPR",In Progress
513,Threat3,10.10.10.13,tag2,04/02/2012 15:41,92,APT15-70%,Lateral Movement,"ISO 27001, TSC",In Progress
514,Threat4,10.10.10.12,tag1,12/13/2019 00:24:23,89,APT50-80%,Obfuscation / Anti-forensics,"GPG, GDPR",Closed
515,Threat5,10.10.10.15,tag0,06/05/2015 15:48,96,APT10-20%,Exploitation,"GPG, ISO 27001",Open
516,Threat1,10.10.10.10,no tag,02/12/2014 18:42,81,APT1-70%,Exploitation,"PCI, GDPR",Open
517,Threat2,10.10.10.11,tag1,03/25/2012 11:24:42,85,APT1-50%,Reconnaissance,"NIST, GDPR",In Progress
518,Threat3,10.10.10.13,tag2,08/12/2017 03:17,92,APT15-70%,Lateral Movement,"ISO 27001, TSC",In Progress
519,Threat4,10.10.10.12,tag1,06/19/2014 11:01:33,89,APT50-80%,Obfuscation / Anti-forensics,"GPG, GDPR",Closed
520,Threat5,10.10.10.15,tag0,12/27/2019 23:53:36,96,APT10-20%,Exploitation,"GPG, ISO 27001",Open
521,Threat1,10.10.10.10,no tag,12/18/2018 10:55:39,81,APT1-70%,Exploitation,"PCI, GDPR",Open
522,Threat2,10.10.10.11,tag1,07/22/2018 22:00:03,85,APT1-50%,Reconnaissance,"NIST, GDPR",In Progress
523,Threat3,10.10.10.13,tag2,09/19/2012 11:21:09,92,APT15-70%,Lateral Movement,"ISO 27001, TSC",In Progress
524,Threat4,10.10.10.12,tag1,01/22/2020 16:57:46,89,APT50-80%,Obfuscation / Anti-forensics,"GPG, GDPR",Closed
525,Threat5,10.10.10.15,tag0,05/09/2013 11:00,96,APT10-20%,Exploitation,"GPG, ISO 27001",Open
526,Threat1,10.10.10.10,no tag,12/13/2013 15:26:06,81,APT1-70%,Exploitation,"PCI, GDPR",Open
527,Threat2,10.10.10.11,tag1,11/11/2015 03:16,85,APT1-50%,Reconnaissance,"NIST, GDPR",In Progress
528,Threat3,10.10.10.13,tag2,04/08/2013 23:03,92,APT15-70%,Lateral Movement,"ISO 27001, TSC",In Progress
529,Threat4,10.10.10.12,tag1,02/04/2020 20:34,89,APT50-80%,Obfuscation / Anti-forensics,"GPG, GDPR",Closed
530,Threat5,10.10.10.15,tag0,01/12/2012 21:56,96,APT10-20%,Exploitation,"GPG, ISO 27001",Open
531,Threat1,10.10.10.10,no tag,10/15/2019 15:29:07,81,APT1-70%,Exploitation,"PCI, GDPR",Open
532,Threat2,10.10.10.11,tag1,07/24/2012 04:22:51,85,APT1-50%,Reconnaissance,"NIST, GDPR",In Progress
533,Threat3,10.10.10.13,tag2,06/14/2015 16:50:24,92,APT15-70%,Lateral Movement,"ISO 27001, TSC",In Progress
534,Threat4,10.10.10.12,tag1,10/22/2016 06:07:34,89,APT50-80%,Obfuscation / Anti-forensics,"GPG, GDPR",Closed
535,Threat5,10.10.10.15,tag0,07/31/2017 23:43:18,96,APT10-20%,Exploitation,"GPG, ISO 27001",Open
536,Threat1,10.10.10.10,no tag,04/15/2019 04:31:45,81,APT1-70%,Exploitation,"PCI, GDPR",Open
537,Threat2,10.10.10.11,tag1,12/03/2014 01:19,85,APT1-50%,Reconnaissance,"NIST, GDPR",In Progress
538,Threat3,10.10.10.13,tag2,03/10/2015 07:27,92,APT15-70%,Lateral Movement,"ISO 27001, TSC",In Progress
539,Threat4,10.10.10.12,tag1,12/17/2019 23:46:08,89,APT50-80%,Obfuscation / Anti-forensics,"GPG, GDPR",Closed
540,Threat5,10.10.10.15,tag0,03/26/2012 10:20:31,96,APT10-20%,Exploitation,"GPG, ISO 27001",Open
541,Threat1,10.10.10.10,no tag,03/03/2019 12:47,81,APT1-70%,Exploitation,"PCI, GDPR",Open
542,Threat2,10.10.10.11,tag1,09/20/2017 20:08:04,85,APT1-50%,Reconnaissance,"NIST, GDPR",In Progress
543,Threat3,10.10.10.13,tag2,10/22/2019 15:38:46,92,APT15-70%,Lateral Movement,"ISO 27001, TSC",In Progress
544,Threat4,10.10.10.12,tag1,07/17/2018 10:19:32,89,APT50-80%,Obfuscation / Anti-forensics,"GPG, GDPR",Closed
545,Threat5,10.10.10.15,tag0,01/06/2018 18:11,96,APT10-20%,Exploitation,"GPG, ISO 27001",Open
546,Threat1,10.10.10.10,no tag,03/12/2019 03:30,81,APT1-70%,Exploitation,"PCI, GDPR",Open
547,Threat2,10.10.10.11,tag1,06/29/2019 11:18:16,85,APT1-50%,Reconnaissance,"NIST, GDPR",In Progress
548,Threat3,10.10.10.13,tag2,05/31/2014 08:40:09,92,APT15-70%,Lateral Movement,"ISO 27001, TSC",In Progress
549,Threat4,10.10.10.12,tag1,10/15/2017 19:12:27,89,APT50-80%,Obfuscation / Anti-forensics,"GPG, GDPR",Closed
550,Threat5,10.10.10.15,tag0,11/16/2012 13:04:43,96,APT10-20%,Exploitation,"GPG, ISO 27001",Open
551,Threat1,10.10.10.10,no tag,12/23/2015 15:30:49,81,APT1-70%,Exploitation,"PCI, GDPR",Open
552,Threat2,10.10.10.11,tag1,12/23/2016 08:50:28,85,APT1-50%,Reconnaissance,"NIST, GDPR",In Progress
553,Threat3,10.10.10.13,tag2,06/07/2015 03:10,92,APT15-70%,Lateral Movement,"ISO 27001, TSC",In Progress
554,Threat4,10.10.10.12,tag1,09/11/2016 09:28,89,APT50-80%,Obfuscation / Anti-forensics,"GPG, GDPR",Closed
555,Threat5,10.10.10.15,tag0,07/20/2020 09:46:51,96,APT10-20%,Exploitation,"GPG, ISO 27001",Open
556,Threat1,10.10.10.10,no tag,05/19/2016 11:19:18,81,APT1-70%,Exploitation,"PCI, GDPR",Open
557,Threat2,10.10.10.11,tag1,05/21/2016 19:29:08,85,APT1-50%,Reconnaissance,"NIST, GDPR",In Progress
558,Threat3,10.10.10.13,tag2,01/23/2014 05:15:39,92,APT15-70%,Lateral Movement,"ISO 27001, TSC",In Progress
559,Threat4,10.10.10.12,tag1,12/21/2013 20:34:25,89,APT50-80%,Obfuscation / Anti-forensics,"GPG, GDPR",Closed
560,Threat5,10.10.10.15,tag0,09/22/2014 05:34:34,96,APT10-20%,Exploitation,"GPG, ISO 27001",Open
561,Threat1,10.10.10.10,no tag,06/24/2018 10:43:33,81,APT1-70%,Exploitation,"PCI, GDPR",Open
562,Threat2,10.10.10.11,tag1,03/10/2019 00:58,85,APT1-50%,Reconnaissance,"NIST, GDPR",In Progress
563,Threat3,10.10.10.13,tag2,08/17/2018 19:51:36,92,APT15-70%,Lateral Movement,"ISO 27001, TSC",In Progress
564,Threat4,10.10.10.12,tag1,03/13/2016 03:53:42,89,APT50-80%,Obfuscation / Anti-forensics,"GPG, GDPR",Closed
565,Threat5,10.10.10.15,tag0,01/17/2015 12:31:11,96,APT10-20%,Exploitation,"GPG, ISO 27001",Open
566,Threat1,10.10.10.10,no tag,01/02/2017 19:00,81,APT1-70%,Exploitation,"PCI, GDPR",Open
567,Threat2,10.10.10.11,tag1,10/25/2018 05:20:10,85,APT1-50%,Reconnaissance,"NIST, GDPR",In Progress
568,Threat3,10.10.10.13,tag2,04/02/2016 15:21,92,APT15-70%,Lateral Movement,"ISO 27001, TSC",In Progress
569,Threat4,10.10.10.12,tag1,04/04/2012 09:45,89,APT50-80%,Obfuscation / Anti-forensics,"GPG, GDPR",Closed
570,Threat5,10.10.10.15,tag0,04/21/2013 07:32:12,96,APT10-20%,Exploitation,"GPG, ISO 27001",Open
571,Threat1,10.10.10.10,no tag,12/24/2012 00:53:13,81,APT1-70%,Exploitation,"PCI, GDPR",Open
572,Threat2,10.10.10.11,tag1,10/10/2013 21:21,85,APT1-50%,Reconnaissance,"NIST, GDPR",In Progress
573,Threat3,10.10.10.13,tag2,10/30/2012 09:02:36,92,APT15-70%,Lateral Movement,"ISO 27001, TSC",In Progress
574,Threat4,10.10.10.12,tag1,12/17/2018 19:25:08,89,APT50-80%,Obfuscation / Anti-forensics,"GPG, GDPR",Closed
575,Threat5,10.10.10.15,tag0,12/03/2012 01:05,96,APT10-20%,Exploitation,"GPG, ISO 27001",Open
576,Threat1,10.10.10.10,no tag,11/30/2012 21:30:02,81,APT1-70%,Exploitation,"PCI, GDPR",Open
577,Threat2,10.10.10.11,tag1,07/05/2012 04:01,85,APT1-50%,Reconnaissance,"NIST, GDPR",In Progress
578,Threat3,10.10.10.13,tag2,09/07/2017 14:58,92,APT15-70%,Lateral Movement,"ISO 27001, TSC",In Progress
579,Threat4,10.10.10.12,tag1,03/25/2018 00:28:38,89,APT50-80%,Obfuscation / Anti-forensics,"GPG, GDPR",Closed
580,Threat5,10.10.10.15,tag0,04/25/2016 18:31:45,96,APT10-20%,Exploitation,"GPG, ISO 27001",Open
581,Threat1,10.10.10.10,no tag,06/16/2014 08:26:28,81,APT1-70%,Exploitation,"PCI, GDPR",Open
582,Threat2,10.10.10.11,tag1,04/14/2018 00:50:22,85,APT1-50%,Reconnaissance,"NIST, GDPR",In Progress
583,Threat3,10.10.10.13,tag2,05/23/2016 19:06:04,92,APT15-70%,Lateral Movement,"ISO 27001, TSC",In Progress
584,Threat4,10.10.10.12,tag1,03/01/2014 23:01,89,APT50-80%,Obfuscation / Anti-forensics,"GPG, GDPR",Closed
585,Threat5,10.10.10.15,tag0,08/19/2013 20:34:16,96,APT10-20%,Exploitation,"GPG, ISO 27001",Open
586,Threat1,10.10.10.10,no tag,04/24/2016 11:08:38,81,APT1-70%,Exploitation,"PCI, GDPR",Open
587,Threat2,10.10.10.11,tag1,12/02/2012 10:30,85,APT1-50%,Reconnaissance,"NIST, GDPR",In Progress
588,Threat3,10.10.10.13,tag2,05/06/2013 08:49,92,APT15-70%,Lateral Movement,"ISO 27001, TSC",In Progress
589,Threat4,10.10.10.12,tag1,02/03/2014 01:25,89,APT50-80%,Obfuscation / Anti-forensics,"GPG, GDPR",Closed
590,Threat5,10.10.10.15,tag0,06/01/2013 04:34,96,APT10-20%,Exploitation,"GPG, ISO 27001",Open
591,Threat1,10.10.10.10,no tag,10/26/2014 16:17:59,81,APT1-70%,Exploitation,"PCI, GDPR",Open
592,Threat2,10.10.10.11,tag1,12/12/2015 20:23,85,APT1-50%,Reconnaissance,"NIST, GDPR",In Progress
593,Threat3,10.10.10.13,tag2,12/18/2017 18:11:32,92,APT15-70%,Lateral Movement,"ISO 27001, TSC",In Progress
594,Threat4,10.10.10.12,tag1,05/26/2020 17:39:51,89,APT50-80%,Obfuscation / Anti-forensics,"GPG, GDPR",Closed
595,Threat5,10.10.10.15,tag0,10/12/2013 15:08,96,APT10-20%,Exploitation,"GPG, ISO 27001",Open
596,Threat1,10.10.10.10,no tag,08/16/2019 07:54:21,81,APT1-70%,Exploitation,"PCI, GDPR",Open
597,Threat2,10.10.10.11,tag1,06/24/2020 10:09:31,85,APT1-50%,Reconnaissance,"NIST, GDPR",In Progress
598,Threat3,10.10.10.13,tag2,11/05/2017 05:53,92,APT15-70%,Lateral Movement,"ISO 27001, TSC",In Progress
599,Threat4,10.10.10.12,tag1,01/10/2018 00:28,89,APT50-80%,Obfuscation / Anti-forensics,"GPG, GDPR",Closed
600,Threat5,10.10.10.15,tag0,03/12/2014 00:22,96,APT10-20%,Exploitation,"GPG, ISO 27001",Open
601,Threat1,10.10.10.10,no tag,07/08/2014 07:18,81,APT1-70%,Exploitation,"PCI, GDPR",Open
602,Threat2,10.10.10.11,tag1,08/05/2012 14:15,85,APT1-50%,Reconnaissance,"NIST, GDPR",In Progress
603,Threat3,10.10.10.13,tag2,12/15/2018 10:38:21,92,APT15-70%,Lateral Movement,"ISO 27001, TSC",In Progress
604,Threat4,10.10.10.12,tag1,10/19/2014 20:33:44,89,APT50-80%,Obfuscation / Anti-forensics,"GPG, GDPR",Closed
605,Threat5,10.10.10.15,tag0,10/08/2014 08:35,96,APT10-20%,Exploitation,"GPG, ISO 27001",Open
606,Threat1,10.10.10.10,no tag,11/11/2014 09:29,81,APT1-70%,Exploitation,"PCI, GDPR",Open
607,Threat2,10.10.10.11,tag1,05/28/2015 19:31:29,85,APT1-50%,Reconnaissance,"NIST, GDPR",In Progress
608,Threat3,10.10.10.13,tag2,04/05/2019 10:07,92,APT15-70%,Lateral Movement,"ISO 27001, TSC",In Progress
609,Threat4,10.10.10.12,tag1,07/18/2014 06:37:00,89,APT50-80%,Obfuscation / Anti-forensics,"GPG, GDPR",Closed
610,Threat5,10.10.10.15,tag0,07/09/2018 16:44,96,APT10-20%,Exploitation,"GPG, ISO 27001",Open
611,Threat1,10.10.10.10,no tag,12/26/2019 18:51:59,81,APT1-70%,Exploitation,"PCI, GDPR",Open
612,Threat2,10.10.10.11,tag1,08/20/2015 21:56:44,85,APT1-50%,Reconnaissance,"NIST, GDPR",In Progress
613,Threat3,10.10.10.13,tag2,08/28/2016 23:42:04,92,APT15-70%,Lateral Movement,"ISO 27001, TSC",In Progress
614,Threat4,10.10.10.12,tag1,04/22/2017 07:39:16,89,APT50-80%,Obfuscation / Anti-forensics,"GPG, GDPR",Closed
615,Threat5,10.10.10.15,tag0,11/23/2018 09:52:12,96,APT10-20%,Exploitation,"GPG, ISO 27001",Open
616,Threat1,10.10.10.10,no tag,04/14/2017 08:43:13,81,APT1-70%,Exploitation,"PCI, GDPR",Open
617,Threat2,10.10.10.11,tag1,11/27/2018 15:17:10,85,APT1-50%,Reconnaissance,"NIST, GDPR",In Progress
618,Threat3,10.10.10.13,tag2,11/04/2015 12:49,92,APT15-70%,Lateral Movement,"ISO 27001, TSC",In Progress
619,Threat4,10.10.10.12,tag1,04/17/2014 06:14:41,89,APT50-80%,Obfuscation / Anti-forensics,"GPG, GDPR",Closed
620,Threat5,10.10.10.15,tag0,06/13/2020 17:55:30,96,APT10-20%,Exploitation,"GPG, ISO 27001",Open
621,Threat1,10.10.10.10,no tag,03/17/2014 11:22:12,81,APT1-70%,Exploitation,"PCI, GDPR",Open
622,Threat2,10.10.10.11,tag1,12/02/2019 18:03,85,APT1-50%,Reconnaissance,"NIST, GDPR",In Progress
623,Threat3,10.10.10.13,tag2,01/21/2013 04:25:37,92,APT15-70%,Lateral Movement,"ISO 27001, TSC",In Progress
624,Threat4,10.10.10.12,tag1,11/17/2013 06:30:33,89,APT50-80%,Obfuscation / Anti-forensics,"GPG, GDPR",Closed
625,Threat5,10.10.10.15,tag0,08/15/2015 07:12:36,96,APT10-20%,Exploitation,"GPG, ISO 27001",Open
626,Threat1,10.10.10.10,no tag,01/12/2018 03:27,81,APT1-70%,Exploitation,"PCI, GDPR",Open
627,Threat2,10.10.10.11,tag1,07/24/2017 11:52:44,85,APT1-50%,Reconnaissance,"NIST, GDPR",In Progress
628,Threat3,10.10.10.13,tag2,08/24/2014 21:59:38,92,APT15-70%,Lateral Movement,"ISO 27001, TSC",In Progress
629,Threat4,10.10.10.12,tag1,02/05/2013 23:48,89,APT50-80%,Obfuscation / Anti-forensics,"GPG, GDPR",Closed
630,Threat5,10.10.10.15,tag0,10/17/2016 18:42:20,96,APT10-20%,Exploitation,"GPG, ISO 27001",Open
631,Threat1,10.10.10.10,no tag,07/17/2019 06:02:10,81,APT1-70%,Exploitation,"PCI, GDPR",Open
632,Threat2,10.10.10.11,tag1,05/09/2017 09:51,85,APT1-50%,Reconnaissance,"NIST, GDPR",In Progress
633,Threat3,10.10.10.13,tag2,06/21/2017 10:16:41,92,APT15-70%,Lateral Movement,"ISO 27001, TSC",In Progress
634,Threat4,10.10.10.12,tag1,02/03/2014 01:53,89,APT50-80%,Obfuscation / Anti-forensics,"GPG, GDPR",Closed
635,Threat5,10.10.10.15,tag0,08/08/2018 06:45,96,APT10-20%,Exploitation,"GPG, ISO 27001",Open
636,Threat1,10.10.10.10,no tag,06/22/2012 21:03:15,81,APT1-70%,Exploitation,"PCI, GDPR",Open
637,Threat2,10.10.10.11,tag1,11/27/2014 04:38:22,85,APT1-50%,Reconnaissance,"NIST, GDPR",In Progress
638,Threat3,10.10.10.13,tag2,08/31/2019 17:11:37,92,APT15-70%,Lateral Movement,"ISO 27001, TSC",In Progress
639,Threat4,10.10.10.12,tag1,01/04/2013 11:19,89,APT50-80%,Obfuscation / Anti-forensics,"GPG, GDPR",Closed
640,Threat5,10.10.10.15,tag0,06/10/2014 23:43,96,APT10-20%,Exploitation,"GPG, ISO 27001",Open
641,Threat1,10.10.10.10,no tag,11/27/2016 23:49:09,81,APT1-70%,Exploitation,"PCI, GDPR",Open
642,Threat2,10.10.10.11,tag1,05/25/2019 20:13:22,85,APT1-50%,Reconnaissance,"NIST, GDPR",In Progress
643,Threat3,10.10.10.13,tag2,05/26/2014 06:45:14,92,APT15-70%,Lateral Movement,"ISO 27001, TSC",In Progress
644,Threat4,10.10.10.12,tag1,06/08/2017 16:16,89,APT50-80%,Obfuscation / Anti-forensics,"GPG, GDPR",Closed
645,Threat5,10.10.10.15,tag0,02/09/2013 21:39,96,APT10-20%,Exploitation,"GPG, ISO 27001",Open
646,Threat1,10.10.10.10,no tag,09/01/2015 06:26,81,APT1-70%,Exploitation,"PCI, GDPR",Open
647,Threat2,10.10.10.11,tag1,11/18/2016 02:58:06,85,APT1-50%,Reconnaissance,"NIST, GDPR",In Progress
648,Threat3,10.10.10.13,tag2,02/27/2015 15:24:47,92,APT15-70%,Lateral Movement,"ISO 27001, TSC",In Progress
649,Threat4,10.10.10.12,tag1,01/31/2018 05:26:26,89,APT50-80%,Obfuscation / Anti-forensics,"GPG, GDPR",Closed
650,Threat5,10.10.10.15,tag0,08/01/2012 12:48,96,APT10-20%,Exploitation,"GPG, ISO 27001",Open
651,Threat1,10.10.10.10,no tag,03/07/2015 14:33,81,APT1-70%,Exploitation,"PCI, GDPR",Open
652,Threat2,10.10.10.11,tag1,08/19/2019 06:58:54,85,APT1-50%,Reconnaissance,"NIST, GDPR",In Progress
653,Threat3,10.10.10.13,tag2,11/13/2015 18:28:30,92,APT15-70%,Lateral Movement,"ISO 27001, TSC",In Progress
654,Threat4,10.10.10.12,tag1,01/07/2016 08:37,89,APT50-80%,Obfuscation / Anti-forensics,"GPG, GDPR",Closed
655,Threat5,10.10.10.15,tag0,11/05/2016 22:37,96,APT10-20%,Exploitation,"GPG, ISO 27001",Open
656,Threat1,10.10.10.10,no tag,03/10/2012 22:10,81,APT1-70%,Exploitation,"PCI, GDPR",Open
657,Threat2,10.10.10.11,tag1,07/27/2015 05:10:57,85,APT1-50%,Reconnaissance,"NIST, GDPR",In Progress
658,Threat3,10.10.10.13,tag2,12/03/2019 23:58,92,APT15-70%,Lateral Movement,"ISO 27001, TSC",In Progress
659,Threat4,10.10.10.12,tag1,03/13/2013 10:02:41,89,APT50-80%,Obfuscation / Anti-forensics,"GPG, GDPR",Closed
660,Threat5,10.10.10.15,tag0,08/31/2017 16:46:46,96,APT10-20%,Exploitation,"GPG, ISO 27001",Open
661,Threat1,10.10.10.10,no tag,01/01/2019 09:41,81,APT1-70%,Exploitation,"PCI, GDPR",Open
662,Threat2,10.10.10.11,tag1,09/29/2019 17:36:35,85,APT1-50%,Reconnaissance,"NIST, GDPR",In Progress
663,Threat3,10.10.10.13,tag2,07/09/2019 13:55,92,APT15-70%,Lateral Movement,"ISO 27001, TSC",In Progress
664,Threat4,10.10.10.12,tag1,05/25/2015 11:01:37,89,APT50-80%,Obfuscation / Anti-forensics,"GPG, GDPR",Closed
665,Threat5,10.10.10.15,tag0,11/08/2017 19:06,96,APT10-20%,Exploitation,"GPG, ISO 27001",Open
666,Threat1,10.10.10.10,no tag,05/06/2012 05:41,81,APT1-70%,Exploitation,"PCI, GDPR",Open
667,Threat2,10.10.10.11,tag1,04/10/2020 04:48,85,APT1-50%,Reconnaissance,"NIST, GDPR",In Progress
668,Threat3,10.10.10.13,tag2,09/01/2012 08:06,92,APT15-70%,Lateral Movement,"ISO 27001, TSC",In Progress
669,Threat4,10.10.10.12,tag1,08/02/2014 18:15,89,APT50-80%,Obfuscation / Anti-forensics,"GPG, GDPR",Closed
670,Threat5,10.10.10.15,tag0,11/27/2014 17:23:52,96,APT10-20%,Exploitation,"GPG, ISO 27001",Open
671,Threat1,10.10.10.10,no tag,06/29/2018 05:27:28,81,APT1-70%,Exploitation,"PCI, GDPR",Open
672,Threat2,10.10.10.11,tag1,08/24/2019 01:54:17,85,APT1-50%,Reconnaissance,"NIST, GDPR",In Progress
673,Threat3,10.10.10.13,tag2,11/17/2018 06:07:23,92,APT15-70%,Lateral Movement,"ISO 27001, TSC",In Progress
674,Threat4,10.10.10.12,tag1,09/19/2016 03:11:38,89,APT50-80%,Obfuscation / Anti-forensics,"GPG, GDPR",Closed
675,Threat5,10.10.10.15,tag0,12/25/2015 21:14:52,96,APT10-20%,Exploitation,"GPG, ISO 27001",Open
676,Threat1,10.10.10.10,no tag,10/27/2016 06:24:24,81,APT1-70%,Exploitation,"PCI, GDPR",Open
677,Threat2,10.10.10.11,tag1,04/12/2020 12:15,85,APT1-50%,Reconnaissance,"NIST, GDPR",In Progress
678,Threat3,10.10.10.13,tag2,09/23/2018 08:11:53,92,APT15-70%,Lateral Movement,"ISO 27001, TSC",In Progress
679,Threat4,10.10.10.12,tag1,12/10/2015 17:48,89,APT50-80%,Obfuscation / Anti-forensics,"GPG, GDPR",Closed
680,Threat5,10.10.10.15,tag0,05/02/2017 13:18,96,APT10-20%,Exploitation,"GPG, ISO 27001",Open
681,Threat1,10.10.10.10,no tag,02/02/2012 15:33,81,APT1-70%,Exploitation,"PCI, GDPR",Open
682,Threat2,10.10.10.11,tag1,07/29/2016 06:59:15,85,APT1-50%,Reconnaissance,"NIST, GDPR",In Progress
683,Threat3,10.10.10.13,tag2,03/25/2015 22:17:41,92,APT15-70%,Lateral Movement,"ISO 27001, TSC",In Progress
684,Threat4,10.10.10.12,tag1,08/30/2014 19:46:31,89,APT50-80%,Obfuscation / Anti-forensics,"GPG, GDPR",Closed
685,Threat5,10.10.10.15,tag0,03/17/2015 06:41:55,96,APT10-20%,Exploitation,"GPG, ISO 27001",Open
686,Threat1,10.10.10.10,no tag,03/01/2012 09:55,81,APT1-70%,Exploitation,"PCI, GDPR",Open
687,Threat2,10.10.10.11,tag1,05/26/2017 23:34:00,85,APT1-50%,Reconnaissance,"NIST, GDPR",In Progress
688,Threat3,10.10.10.13,tag2,06/30/2020 08:36:02,92,APT15-70%,Lateral Movement,"ISO 27001, TSC",In Progress
689,Threat4,10.10.10.12,tag1,10/26/2017 02:13:05,89,APT50-80%,Obfuscation / Anti-forensics,"GPG, GDPR",Closed
690,Threat5,10.10.10.15,tag0,08/23/2015 20:19:55,96,APT10-20%,Exploitation,"GPG, ISO 27001",Open
691,Threat1,10.10.10.10,no tag,07/09/2018 03:44,81,APT1-70%,Exploitation,"PCI, GDPR",Open
692,Threat2,10.10.10.11,tag1,10/16/2016 07:27:09,85,APT1-50%,Reconnaissance,"NIST, GDPR",In Progress
693,Threat3,10.10.10.13,tag2,11/01/2019 17:14,92,APT15-70%,Lateral Movement,"ISO 27001, TSC",In Progress
694,Threat4,10.10.10.12,tag1,08/27/2015 14:59:58,89,APT50-80%,Obfuscation / Anti-forensics,"GPG, GDPR",Closed
695,Threat5,10.10.10.15,tag0,05/16/2012 09:44:59,96,APT10-20%,Exploitation,"GPG, ISO 27001",Open
696,Threat1,10.10.10.10,no tag,10/04/2017 03:49,81,APT1-70%,Exploitation,"PCI, GDPR",Open
697,Threat2,10.10.10.11,tag1,12/30/2015 01:19:08,85,APT1-50%,Reconnaissance,"NIST, GDPR",In Progress
698,Threat3,10.10.10.13,tag2,04/29/2016 05:56:12,92,APT15-70%,Lateral Movement,"ISO 27001, TSC",In Progress
699,Threat4,10.10.10.12,tag1,11/28/2013 23:32:30,89,APT50-80%,Obfuscation / Anti-forensics,"GPG, GDPR",Closed
700,Threat5,10.10.10.15,tag0,07/24/2019 06:10:21,96,APT10-20%,Exploitation,"GPG, ISO 27001",Open
701,Threat1,10.10.10.10,no tag,04/13/2019 09:21:09,81,APT1-70%,Exploitation,"PCI, GDPR",Open
702,Threat2,10.10.10.11,tag1,03/23/2012 18:39:04,85,APT1-50%,Reconnaissance,"NIST, GDPR",In Progress
703,Threat3,10.10.10.13,tag2,07/07/2018 20:10,92,APT15-70%,Lateral Movement,"ISO 27001, TSC",In Progress
704,Threat4,10.10.10.12,tag1,02/15/2015 11:25:06,89,APT50-80%,Obfuscation / Anti-forensics,"GPG, GDPR",Closed
705,Threat5,10.10.10.15,tag0,10/31/2016 06:16:20,96,APT10-20%,Exploitation,"GPG, ISO 27001",Open
706,Threat1,10.10.10.10,no tag,01/01/2019 02:56,81,APT1-70%,Exploitation,"PCI, GDPR",Open
707,Threat2,10.10.10.11,tag1,10/30/2013 00:29:11,85,APT1-50%,Reconnaissance,"NIST, GDPR",In Progress
708,Threat3,10.10.10.13,tag2,08/07/2016 06:33,92,APT15-70%,Lateral Movement,"ISO 27001, TSC",In Progress
709,Threat4,10.10.10.12,tag1,05/18/2012 19:29:16,89,APT50-80%,Obfuscation / Anti-forensics,"GPG, GDPR",Closed
710,Threat5,10.10.10.15,tag0,07/12/2014 20:32,96,APT10-20%,Exploitation,"GPG, ISO 27001",Open
711,Threat1,10.10.10.10,no tag,07/17/2013 21:26:36,81,APT1-70%,Exploitation,"PCI, GDPR",Open
712,Threat2,10.10.10.11,tag1,07/21/2015 03:07:42,85,APT1-50%,Reconnaissance,"NIST, GDPR",In Progress
713,Threat3,10.10.10.13,tag2,07/04/2019 07:22,92,APT15-70%,Lateral Movement,"ISO 27001, TSC",In Progress
714,Threat4,10.10.10.12,tag1,04/08/2017 18:13,89,APT50-80%,Obfuscation / Anti-forensics,"GPG, GDPR",Closed
715,Threat5,10.10.10.15,tag0,04/22/2020 12:06:08,96,APT10-20%,Exploitation,"GPG, ISO 27001",Open
716,Threat1,10.10.10.10,no tag,08/16/2019 20:24:55,81,APT1-70%,Exploitation,"PCI, GDPR",Open
717,Threat2,10.10.10.11,tag1,12/22/2013 15:20:10,85,APT1-50%,Reconnaissance,"NIST, GDPR",In Progress
718,Threat3,10.10.10.13,tag2,06/14/2015 00:41:25,92,APT15-70%,Lateral Movement,"ISO 27001, TSC",In Progress
719,Threat4,10.10.10.12,tag1,09/01/2016 10:43,89,APT50-80%,Obfuscation / Anti-forensics,"GPG, GDPR",Closed
720,Threat5,10.10.10.15,tag0,01/09/2016 05:55,96,APT10-20%,Exploitation,"GPG, ISO 27001",Open
